id,target
133627,87.242
133629,30.015
133630,36.04
133631,32.052
133633,29.232
133634,35.206
133635,62.593
133637,33.09
133638,36.277
133639,32.294
133641,29.448
133642,35.658
133643,93.961
133645,36.691
133646,38.808
133647,36.824
133649,36.343
133650,36.836
133651,95.166
133653,36.65
133654,37.291
133655,36.391
133657,35.926
133658,35.763
133659,99.323
133661,35.293
133662,36.858
133663,36.228
133665,36.253
133666,35.534
133667,98.144
133669,36.718
133670,37.231
133671,37.355
133673,37.02
133674,37.694
133675,93.394
133677,41.572
133678,41.124
133679,42.383
133681,42.289
133682,41.194
133683,77.921
133685,39.5
133686,39.365
133687,41.383
133689,39.18
133690,39.481
133691,46.812
133693,32.431
133694,33.696
133695,35.157
133697,35.994
133698,32.982
133699,28.686
133701,26.806
133702,27.042
133703,29.181
133705,29.81
133706,26.811
133707,24.151
133709,23.667
133710,24.855
133711,27.392
133713,29.292
133714,23.804
133715,22.27
133717,23.837
133718,25.477
133719,31.49
133721,34.25
133722,24.358
133723,24.921
133725,26.131
133726,27.857
133727,37.212
133729,38.113
133730,26.106
133731,24.467
133733,26.916
133734,28.014
133735,44.191
133737,40.465
133738,27.594
133739,26.08
133741,30.502
133742,32.237
133743,45.108
133745,43.759
133746,29.516
133747,29.697
133749,33.719
133750,35.646
133751,38.774
133753,50.492
133754,31.873
133755,30.168
133757,33.792
133758,30.681
133759,35.868
133761,47.747
133762,31.553
133763,42.797
133765,40.09
133766,40.699
133767,42.38
133769,47.181
133770,38.493
133771,67.105
133773,61.715
133774,62.899
133775,61.699
133777,62.893
133778,62.807
133779,105.058
133781,98.414
133782,86.43
133783,90.355
133785,85.881
133786,85.538
133787,107.094
133789,71.166
133790,79.626
133791,51.794
133793,62.734
133794,67.05
133795,88.682
133797,41.657
133798,58.525
133799,37.281
133801,46.948
133802,41.347
133803,67.921
133805,30.193
133806,41.49
133807,32.217
133809,37.348
133810,32.149
133811,72.747
133813,29.2
133814,35.495
133815,32.94
133817,32.666
133818,30.631
133819,74.291
133820,29.7
133821,34.044
133822,30.677
133823,32.569
133824,28.669
133825,76.021
133826,29.779
133827,32.724
133828,29.313
133829,29.195
133830,29.277
133831,75.715
133832,28.691
133833,31.314
133834,29.362
133835,29.594
133836,28.056
133837,76.704
133838,28.088
133839,29.757
133840,28.296
133841,28.043
133842,27.813
133843,89.739
133844,28.968
133845,30.564
133846,28.891
133847,28.862
133848,29.576
133849,87.695
133850,32.047
133851,32.709
133852,31.094
133853,30.98
133854,32.379
133855,84.611
133856,38.591
133857,36.89
133858,37.24
133859,36.103
133860,38.561
133861,70.156
133862,35.453
133863,34.072
133864,34.475
133865,33.368
133866,35.74
133867,31.515
133868,24.189
133869,22.896
133870,24.486
133871,24.654
133872,24.562
133873,19.979
133874,19.101
133875,17.652
133876,19.641
133877,20.697
133878,19.455
133879,18.107
133880,18.478
133881,16.975
133882,19.899
133883,21.769
133884,18.935
133885,18.566
133886,21.893
133887,19.344
133888,25.734
133889,28.167
133890,22.372
133891,22.569
133892,26.057
133893,22.655
133894,29.949
133895,33.108
133896,26.24
133897,24.159
133898,27.506
133899,24.859
133900,30.177
133901,35.93
133902,27.83
133903,27.948
133904,28.258
133905,25.181
133906,28.283
133907,36.222
133908,28.219
133909,29.772
133910,27.871
133911,26.31
133912,26.56
133913,38.765
133914,26.334
133915,28.996
133916,26.972
133917,24.892
133918,24.577
133919,37.343
133920,26.037
133921,38.917
133922,28.651
133923,23.686
133924,25.805
133925,37.167
133926,30.711
133927,75.993
133928,55.179
133929,47.197
133930,49.41
133931,60.26
133932,60.488
133933,138.192
133934,104.937
133935,85.379
133936,90.117
133937,103.194
133938,107.43
133939,115.568
133940,68.176
133941,70.777
133942,62.967
133943,64.183
133944,71.773
133945,90.308
133946,47.566
133947,49.766
133948,45.165
133949,47.159
133950,43.212
133951,67.277
133952,34.151
133953,39.068
133954,37.131
133955,35.997
133956,34.001
133957,69.569
133958,29.705
133959,30.973
133960,30.536
133961,35.567
133962,28.812
133963,65.755
133964,25.491
133965,30.383
133966,23.841
133967,29.801
133968,29.505
133969,66.236
133970,27.12
133971,30.082
133972,25.386
133973,24.167
133974,28.107
133975,69.151
133976,28.734
133977,29.069
133978,28.455
133979,28.894
133980,27.302
133981,70.197
133982,28.018
133983,29.37
133984,27.524
133985,27.873
133986,28.051
133987,79.004
133988,29.869
133989,30.75
133990,28.754
133991,29.049
133992,29.522
133993,80.1
133994,33.048
133995,32.02
133996,31.999
133997,29.872
133998,33.398
133999,82.656
134000,38.68
134001,36.745
134002,34.97
134003,33.2
134004,39.396
134005,68.787
134006,35.218
134007,33.782
134008,32.867
134009,31.98
134010,36.032
134011,28.673
134012,22.537
134013,21.799
134014,22.317
134015,22.46
134016,22.981
134017,17.438
134018,17.67
134019,16.407
134020,17.854
134021,18.977
134022,18.037
134023,19.014
134024,19.28
134025,19.055
134026,20.42
134027,22.384
134028,19.602
134029,21.155
134030,24.822
134031,24.616
134032,28.439
134033,31.613
134034,25.224
134035,25.412
134036,27.638
134037,28.83
134038,41.436
134039,39.83
134040,27.781
134041,27.917
134042,30.197
134043,32.139
134044,36.161
134045,44.848
134046,30.428
134047,29.455
134048,31.702
134049,33.302
134050,34.374
134051,47.773
134052,31.868
134053,30.926
134054,32.652
134055,34.189
134056,32.04
134057,53.959
134058,32.594
134059,30.482
134060,31.905
134061,32.089
134062,34.352
134063,37.595
134064,31.987
134065,39.924
134066,37.391
134067,35.493
134068,32.736
134069,42.928
134070,37.282
134071,87.513
134072,84.137
134073,74.419
134074,69.714
134075,64.789
134076,81.902
134077,178.963
134078,159.187
134079,147.254
134080,141.285
134081,137.933
134082,161.122
134083,107.507
134084,74.88
134085,78.985
134086,67.233
134087,67.483
134088,81.955
134089,68.62
134090,33.72
134091,42.634
134092,36.105
134093,41.598
134094,39.28
134095,53.826
134096,19.969
134097,29.107
134098,23.299
134099,22.968
134100,20.732
134101,51.936
134102,16.379
134103,27.399
134104,19.551
134105,17.082
134106,17.013
134107,54.72
134108,14.121
134109,19.935
134110,19.354
134111,17.577
134112,14.478
134113,52.631
134114,13.566
134115,20.559
134116,18.37
134117,13.646
134118,12.864
134119,53.26
134120,12.445
134121,20.792
134122,18.517
134123,16.098
134124,13.214
134125,54.316
134126,12.819
134127,20.086
134128,18.543
134129,16.382
134130,13.835
134131,61.152
134132,13.585
134133,20.968
134134,20.333
134135,19.089
134136,15.647
134137,62.095
134138,17.704
134139,23.315
134140,22.604
134141,21.786
134142,16.873
134143,57.884
134144,19.305
134145,25.545
134146,25.292
134147,24.57
134148,21.693
134149,44.325
134150,18.41
134151,24.246
134152,23.644
134153,23.062
134154,21.067
134155,16.195
134156,11.948
134157,14.918
134158,15.673
134159,15.884
134160,11.875
134161,10.338
134162,9.859
134163,13.337
134164,14.876
134165,16.043
134166,9.926
134167,12.447
134168,10.642
134169,15.836
134170,18.182
134171,19.715
134172,7.518
134173,14.348
134174,15.876
134175,18.521
134176,22.741
134177,24.187
134178,9.373
134179,20.746
134180,23.124
134181,24.421
134182,29.582
134183,33.563
134184,17.786
134185,26.094
134186,28.238
134187,28.333
134188,35.162
134189,38.967
134190,25.606
134191,27.33
134192,34.069
134193,30.419
134194,38.978
134195,44.592
134196,29.471
134197,29.453
134198,34.997
134199,34.21
134200,34.087
134201,52.325
134202,30.303
134203,26.027
134204,32.454
134205,32.398
134206,31.075
134207,47.451
134208,31.414
134209,30.457
134210,31.973
134211,30.63
134212,28.359
134213,40.869
134214,34.76
134215,70.922
134216,57.748
134217,57.429
134218,49.396
134219,63.194
134220,62.511
134221,83.014
134222,77.336
134223,62.726
134224,66.129
134225,74.084
134226,81.915
134227,65.124
134228,44.716
134229,34.347
134230,40.158
134231,41.208
134232,50.217
134233,51.873
134234,29.826
134235,28.946
134236,14.226
134237,33.008
134238,28.164
134239,39.41
134240,17.478
134241,20.923
134242,13.272
134243,8.887
134244,19.816
134245,39.477
134246,11.667
134247,16.618
134248,9.947
134249,10.037
134250,11.484
134251,48.609
134252,13.141
134253,18.01
134254,11.73
134255,11.783
134256,14.201
134257,45.374
134258,10.187
134259,14.747
134260,10.617
134261,9.089
134262,11.218
134263,44.733
134264,9.196
134265,14.22
134266,13.168
134267,9.504
134268,10.169
134269,45.31
134270,8.997
134271,14.169
134272,14.962
134273,11.176
134274,9.903
134275,50.063
134276,10.088
134277,13.596
134278,16.648
134279,12.564
134280,10.546
134281,49.679
134282,12.774
134283,17.231
134284,19.085
134285,14.982
134286,12.947
134287,48.891
134288,18.936
134289,22.668
134290,23.725
134291,18.889
134292,19.202
134293,37.932
134294,16.554
134295,21.309
134296,21.547
134297,18.135
134298,17.095
134299,24.991
134300,12.06
134301,17.74
134302,17.795
134303,15.973
134304,12.015
134305,20.191
134306,11.283
134307,16.221
134308,18.968
134309,19.58
134310,11.96
134311,15.715
134312,9.616
134313,16.913
134314,21.204
134315,22.758
134316,10.028
134317,8.427
134318,9.263
134319,18.139
134320,24.173
134321,26.018
134322,9.562
134323,25.92
134324,12.999
134325,22.136
134326,28.445
134327,30.149
134328,12.929
134329,27.758
134330,15.283
134331,24.393
134332,28.273
134333,32.16
134334,16.722
134335,28.744
134336,19.589
134337,26.705
134338,31.623
134339,38.669
134340,19.302
134341,27.931
134342,16.035
134343,29.227
134344,35.031
134345,46.2
134346,20.393
134347,32.239
134348,13.87
134349,29.991
134350,36.58
134351,53.23
134352,17.758
134353,38.313
134354,15.903
134355,29.602
134356,40.782
134357,45.217
134358,15.849
134359,72.861
134360,33.204
134361,42.083
134362,64.113
134363,63.505
134364,34.173
134365,95.713
134366,47.361
134367,49.809
134368,76.063
134369,75.33
134370,48.523
134371,66.957
134372,43.187
134373,37.378
134374,25.03
134375,48.271
134376,42.927
134377,73.931
134378,30.487
134379,32.348
134380,18.367
134381,20.206
134382,27.617
134383,51.453
134384,21.684
134385,29.465
134386,19.129
134387,18.762
134388,21.254
134389,61.825
134390,21.407
134391,28.482
134392,18.953
134393,17.968
134394,25.663
134395,109.311
134396,56.351
134397,68.388
134398,56.474
134399,66.631
134400,57.171
134401,115.338
134402,58.988
134403,70.34
134404,58.215
134405,69.44
134406,59.856
134407,123.454
134408,61.001
134409,73.683
134410,60.538
134411,75.025
134412,61.868
134413,128.286
134414,62.107
134415,75.25
134416,61.589
134417,76.24
134418,62.983
134419,137.463
134420,64.196
134421,78.111
134422,63.283
134423,79.665
134424,65.021
134425,135.136
134426,66.159
134427,79.633
134428,64.878
134429,81.677
134430,66.988
134431,132.187
134432,69.762
134433,83.336
134434,68.242
134435,85.718
134436,70.565
134437,117.666
134438,68.665
134439,81.933
134440,68.007
134441,84.537
134442,69.566
134443,83.78
134444,60.93
134445,71.045
134446,60.657
134447,75.885
134448,61.555
134449,71.295
134450,58.915
134451,67.671
134452,58.669
134453,74.517
134454,59.36
134455,63.407
134456,53.465
134457,62.178
134458,54.229
134459,69.903
134460,53.852
134461,59.989
134462,54.596
134463,63.573
134464,56.666
134465,75.025
134466,55.233
134467,62.744
134468,58.175
134469,67.969
134470,62.373
134471,81.097
134472,58.488
134473,60.249
134474,56.759
134475,66.361
134476,61.538
134477,80.902
134478,57.217
134479,64.769
134480,61.041
134481,70.238
134482,64.685
134483,87.018
134484,61.52
134485,67.152
134486,64.717
134487,74.523
134488,66.873
134489,92.39
134490,65.024
134491,72.495
134492,70.217
134493,77.686
134494,70.983
134495,97.143
134496,70.77
134497,81.079
134498,74.946
134499,81.789
134500,73.657
134501,99.057
134502,75.533
134503,102.636
134504,89.047
134505,94.095
134506,81.783
134507,104.963
134508,89.916
134509,137.236
134510,108.245
134511,115.291
134512,96.817
134513,118.07
134514,109.391
134515,138.314
134516,98.272
134517,112.203
134518,89.535
134519,106.267
134520,99.471
134521,135.533
134522,85.984
134523,104.269
134524,82.124
134525,96.069
134526,86.783
134527,133.134
134528,80.553
134529,98.728
134530,79.946
134531,93.172
134532,81.476
134533,138.512
134534,79.276
134535,96.037
134536,79.051
134537,93.779
134538,80.004
134539,99.589
134540,41.759
134541,53.035
134542,36.181
134543,39.484
134544,42.748
134545,85.234
134546,32.098
134547,36.491
134548,26.437
134549,28.048
134550,32.984
134551,85.67
134552,28.834
134553,33.13
134554,26.545
134555,28.571
134556,29.647
134557,94.268
134558,28.335
134559,31.913
134560,25.862
134561,28.53
134562,28.872
134563,97.072
134564,27.682
134565,27.234
134566,26.149
134567,27.031
134568,28.092
134569,90.351
134570,27.846
134571,27.712
134572,25.536
134573,26.114
134574,28.6
134575,84.009
134576,30.678
134577,30.916
134578,27.273
134579,27.889
134580,31.695
134581,70.432
134582,29.107
134583,30.301
134584,27.214
134585,27.477
134586,30.131
134587,69.968
134588,50.587
134589,59.016
134590,49.483
134591,62.212
134592,51.238
134593,51.673
134594,42.447
134595,47.864
134596,39.595
134597,52.438
134598,43.014
134599,47.573
134600,40.669
134601,45.982
134602,37.912
134603,52.263
134604,41.167
134605,44.462
134606,40.122
134607,45.113
134608,38.689
134609,53.155
134610,40.68
134611,50.062
134612,45.421
134613,51.21
134614,46.055
134615,61.238
134616,45.77
134617,50.719
134618,45.594
134619,52.065
134620,46.615
134621,62.905
134622,46.131
134623,54.453
134624,48.866
134625,54.551
134626,48.34
134627,68.272
134628,49.259
134629,57.649
134630,51.423
134631,57.704
134632,49.435
134633,73.961
134634,51.801
134635,59.113
134636,51.871
134637,56.017
134638,48.1
134639,72.744
134640,52.384
134641,71.592
134642,62.846
134643,67.167
134644,57.567
134645,79.678
134646,63.43
134647,99.321
134648,86.507
134649,90.072
134650,76.908
134651,96.615
134652,87.269
134653,137.797
134654,104.533
134655,113.306
134656,92.242
134657,114.12
134658,105.605
134659,132.298
134660,90.14
134661,105.966
134662,80.459
134663,100.625
134664,91.295
134665,123.505
134666,76.025
134667,94.099
134668,71.536
134669,86.143
134670,76.628
134671,111.777
134672,63.868
134673,81.256
134674,62.407
134675,77.39
134676,64.828
134677,115.312
134678,60.366
134679,76.018
134680,59.916
134681,74.595
134682,61.204
134683,113.79
134684,58.846
134685,73.834
134686,58.915
134687,74.55
134688,59.785
134689,115.96
134690,58.911
134691,72.913
134692,58.111
134693,73.708
134694,59.856
134695,118.615
134696,58.522
134697,72.649
134698,57.51
134699,74.069
134700,59.418
134701,120.157
134702,57.796
134703,71.718
134704,56.753
134705,73.086
134706,58.799
134707,126.749
134708,58.518
134709,72.041
134710,57.3
134711,73.381
134712,59.416
134713,127.465
134714,61.532
134715,75.005
134716,59.71
134717,76.48
134718,62.404
134719,129.298
134720,67.352
134721,81.341
134722,65.07
134723,82.886
134724,68.151
134725,105.153
134726,62.117
134727,74.442
134728,60.199
134729,76.206
134730,63.055
134731,64.8
134732,49.344
134733,57.436
134734,46.267
134735,65.633
134736,50.042
134737,48.984
134738,40.247
134739,45.847
134740,36.091
134741,52.943
134742,40.669
134743,43.354
134744,36.189
134745,41.448
134746,32.47
134747,48.004
134748,36.574
134749,40.851
134750,35.786
134751,40.779
134752,33.178
134753,48.114
134754,36.212
134755,45.83
134756,40.459
134757,46.148
134758,39.476
134759,55.68
134760,40.753
134761,45.942
134762,40.611
134763,47.202
134764,39.99
134765,58.133
134766,41.064
134767,49.367
134768,43.886
134769,49.477
134770,42.117
134771,62.175
134772,44.161
134773,51.157
134774,46.372
134775,52.12
134776,43.087
134777,67.32
134778,46.702
134779,54.28
134780,48.997
134781,52.897
134782,44.28
134783,69.738
134784,49.517
134785,60.037
134786,53.725
134787,57.324
134788,47.226
134789,71.299
134790,54.318
134791,91.516
134792,80.718
134793,82.143
134794,69.509
134795,91.161
134796,81.482
134797,131.832
134798,107.476
134799,114.567
134800,94.748
134801,116.799
134802,108.582
134803,122.101
134804,90.385
134805,103.836
134806,81.131
134807,100.859
134808,91.479
134809,114.107
134810,71.576
134811,88.213
134812,66.232
134813,82.968
134814,72.115
134815,102.337
134816,60.03
134817,76.446
134818,57.97
134819,73.502
134820,61.168
134821,100.831
134822,53.461
134823,66.947
134824,51.521
134825,65.975
134826,54.124
134827,45.113
134828,14.042
134829,26.211
134830,24.762
134831,27.654
134832,16.488
134833,41.962
134834,13.82
134835,19.849
134836,18.586
134837,18.775
134838,13.729
134839,92.642
134840,39.748
134841,49.177
134842,36.508
134843,48.56
134844,40.524
134845,96.756
134846,41.263
134847,50.738
134848,37.543
134849,50.286
134850,42.138
134851,106.582
134852,44.06
134853,54.683
134854,40.605
134855,54.48
134856,44.851
134857,106.584
134858,47.755
134859,58.272
134860,44.139
134861,57.833
134862,48.524
134863,108.788
134864,56.65
134865,67.599
134866,53.165
134867,67.211
134868,57.358
134869,88.604
134870,51.219
134871,60.784
134872,48.494
134873,62.017
134874,52.072
134875,46.754
134876,36.462
134877,40.66
134878,32.249
134879,44.876
134880,37.031
134881,36.059
134882,28.918
134883,32.353
134884,24.521
134885,35.914
134886,29.312
134887,33.742
134888,26.952
134889,30.547
134890,23.103
134891,34.762
134892,27.255
134893,33.617
134894,28.358
134895,32.066
134896,25.427
134897,38.199
134898,28.716
134899,38.258
134900,32.973
134901,37.814
134902,31.828
134903,45.422
134904,33.219
134905,40.239
134906,35.139
134907,40.786
134908,34.456
134909,50.326
134910,35.478
134911,40.073
134912,35.572
134913,40.219
134914,33.832
134915,51.334
134916,35.836
134917,38.766
134918,35.081
134919,39.846
134920,31.677
134921,53.099
134922,35.389
134923,38.774
134924,34.898
134925,37.73
134926,29.468
134927,50.886
134928,35.295
134929,42.234
134930,36.582
134931,39.047
134932,29.626
134933,49.511
134934,37.093
134935,70.789
134936,61.518
134937,61.459
134938,49.42
134939,68.261
134940,62.285
134941,113.923
134942,93.678
134943,97.831
134944,80.841
134945,99.013
134946,94.652
134947,110.301
134948,79.859
134949,91.034
134950,70.118
134951,86.165
134952,81.181
134953,104.317
134954,64.279
134955,78.3
134956,57.965
134957,71.562
134958,64.83
134959,94.441
134960,53.96
134961,67.501
134962,51.351
134963,63.686
134964,54.96
134965,94.658
134966,48.88
134967,60.766
134968,46.097
134969,58.916
134970,49.548
134971,43.255
134972,13.721
134973,25.134
134974,22.579
134975,23.373
134976,13.373
134977,42.584
134978,12.467
134979,20.923
134980,19.081
134981,19.17
134982,11.839
134983,43.162
134984,11.099
134985,17.829
134986,18.228
134987,18.265
134988,10.651
134989,44.001
134990,9.805
134991,17.6
134992,17.01
134993,16.839
134994,8.862
134995,49.941
134996,12.363
134997,18.393
134998,17.902
134999,17.326
135000,13.132
135001,49.515
135002,16.37
135003,21.32
135004,20.373
135005,19.359
135006,16.362
135007,47.208
135008,23.353
135009,27.044
135010,25.79
135011,24.974
135012,23.203
135013,35.769
135014,24.016
135015,24.846
135016,23.675
135017,23.142
135018,22.057
135019,9.346
135020,15.876
135021,14.695
135022,15.708
135023,15.541
135024,15.785
135025,1.587
135026,12.928
135027,12.278
135028,13.603
135029,14.495
135030,13.172
135031,-0.701
135032,12.97
135033,13.309
135034,14.566
135035,16.196
135036,12.81
135037,-1.129
135038,16.241
135039,15.883
135040,17.621
135041,20.476
135042,16.531
135043,1.959
135044,19.664
135045,20.636
135046,22.943
135047,26.227
135048,19.688
135049,3.924
135050,21.293
135051,22.989
135052,24.048
135053,30.269
135054,21.596
135055,4.337
135056,21.559
135057,24.035
135058,23.271
135059,31.72
135060,21.879
135061,3.372
135062,17.01
135063,23.131
135064,18.494
135065,32.495
135066,16.83
135067,2.285
135068,11.077
135069,19.086
135070,9.136
135071,27.272
135072,13.08
135073,4.278
135074,12.719
135075,21.536
135076,0.232
135077,18.926
135078,14.42
135079,23.751
135080,33.451
135081,43.132
135082,11.408
135083,25.119
135084,33.377
135085,55.217
135086,56.163
135087,69.206
135088,27.895
135089,38.874
135090,54.859
135091,49.65
135092,39.745
135093,40.429
135094,25.073
135095,26.448
135096,40.249
135097,46.502
135098,25.042
135099,31.493
135100,28.656
135101,24.208
135102,26.298
135103,41.331
135104,16.962
135105,25.524
135106,24.566
135107,20.302
135108,18.282
135109,42.932
135110,14.253
135111,23.545
135112,23.966
135113,22.187
135114,16.935
135115,41.522
135116,11.022
135117,20.661
135118,20.573
135119,20.033
135120,10.268
135121,43.151
135122,11.646
135123,19.466
135124,19.191
135125,18.877
135126,11.303
135127,45.199
135128,10.518
135129,19.52
135130,18.246
135131,16.532
135132,10.261
135133,45.889
135134,10.817
135135,18.976
135136,17.464
135137,16.486
135138,10.755
135139,51.039
135140,12.562
135141,18.67
135142,17.578
135143,16.285
135144,13.223
135145,51.215
135146,19.282
135147,21.493
135148,20.427
135149,19.573
135150,19.012
135151,55.253
135152,34.031
135153,33.517
135154,32.928
135155,31.547
135156,32.493
135157,41.485
135158,26.286
135159,26.898
135160,26.062
135161,25.394
135162,27.337
135163,15.289
135164,16.917
135165,16.606
135166,17.272
135167,17.574
135168,16.535
135169,9.565
135170,14.36
135171,13.834
135172,15.117
135173,15.854
135174,14.398
135175,6.817
135176,14.043
135177,15.066
135178,16.075
135179,17.524
135180,14.267
135181,4.623
135182,15.668
135183,18.319
135184,20.196
135185,22.725
135186,15.853
135187,7.593
135188,19.873
135189,24.365
135190,26.201
135191,30.245
135192,20.266
135193,9.792
135194,21.185
135195,26.413
135196,27.78
135197,33.806
135198,22.687
135199,8.175
135200,19.485
135201,23.52
135202,23.505
135203,33.786
135204,19.158
135205,6.331
135206,17.112
135207,23.723
135208,21.451
135209,35.266
135210,18.83
135211,3.145
135212,17.207
135213,14.47
135214,-2.266
135215,31.033
135216,17.425
135217,6.624
135218,18.411
135219,16.061
135220,14.244
135221,22.97
135222,20.651
135223,29.472
135224,43.013
135225,27.373
135226,21.317
135227,37.451
135228,38.264
135229,63.233
135230,63.317
135231,50.595
135232,45.252
135233,54.174
135234,64.789
135235,56.214
135236,42.511
135237,42.983
135238,25.794
135239,31.617
135240,44.095
135241,54.364
135242,27.523
135243,35.869
135244,21.78
135245,19.55
135246,31.205
135247,42.834
135248,19.806
135249,29.214
135250,20.928
135251,15.808
135252,20.961
135253,46.205
135254,16.683
135255,25.131
135256,19.729
135257,17.088
135258,17.592
135259,95.724
135260,48.048
135261,23.697
135262,21.699
135263,21.185
135264,48.748
135265,98.03
135266,47.459
135267,22.933
135268,21.802
135269,19.749
135270,48.344
135271,102.023
135272,47.649
135273,21.35
135274,20.779
135275,19.165
135276,48.444
135277,102.521
135278,46.596
135279,21.163
135280,20.24
135281,18.295
135282,47.493
135283,107.143
135284,46.77
135285,21.281
135286,20.248
135287,18.812
135288,47.608
135289,108.422
135290,51.216
135291,23.819
135292,22.416
135293,21.008
135294,52.037
135295,107.248
135296,57.566
135297,27.138
135298,25.523
135299,24.56
135300,58.389
135301,89.064
135302,53.287
135303,25.037
135304,24.119
135305,23.194
135306,54.176
135307,47.191
135308,36.879
135309,15.152
135310,16.115
135311,16.05
135312,37.436
135313,37.365
135314,32.085
135315,13.313
135316,14.568
135317,15.185
135318,32.505
135319,35.495
135320,31.921
135321,14.376
135322,15.468
135323,17.0
135324,32.251
135325,33.926
135326,32.587
135327,16.06
135328,17.858
135329,21.157
135330,32.983
135331,36.411
135332,34.395
135333,18.444
135334,21.968
135335,25.988
135336,34.697
135337,39.708
135338,37.662
135339,19.683
135340,24.09
135341,31.28
135342,38.109
135343,41.147
135344,38.559
135345,18.159
135346,22.59
135347,31.453
135348,38.821
135349,40.489
135350,38.598
135351,6.548
135352,20.008
135353,34.024
135354,39.139
135355,39.114
135356,36.648
135357,10.618
135358,17.605
135359,30.597
135360,37.241
135361,42.847
135362,38.815
135363,11.224
135364,11.887
135365,26.728
135366,39.236
135367,66.351
135368,56.59
135369,17.718
135370,10.853
135371,20.151
135372,57.447
135373,105.708
135374,85.8
135375,36.149
135376,26.138
135377,34.629
135378,86.868
135379,107.592
135380,80.045
135381,32.42
135382,24.863
135383,23.073
135384,81.191
135385,103.394
135386,65.549
135387,32.644
135388,24.454
135389,17.202
135390,66.074
135391,96.596
135392,55.859
135393,27.881
135394,24.069
135395,15.649
135396,56.789
135397,97.829
135398,52.617
135399,24.056
135400,24.219
135401,21.514
135402,53.278
135403,51.892
135404,19.771
135405,24.925
135406,18.168
135407,16.392
135408,20.575
135409,50.084
135410,16.903
135411,23.451
135412,19.781
135413,15.707
135414,18.036
135415,49.16
135416,14.607
135417,22.382
135418,21.247
135419,20.645
135420,14.571
135421,51.287
135422,14.558
135423,22.119
135424,20.606
135425,19.797
135426,16.183
135427,54.829
135428,15.847
135429,22.077
135430,20.507
135431,19.395
135432,18.232
135433,49.725
135434,18.323
135435,23.005
135436,21.561
135437,20.425
135438,20.143
135439,50.722
135440,26.413
135441,31.096
135442,29.2
135443,28.275
135444,26.615
135445,39.571
135446,22.387
135447,26.349
135448,24.534
135449,23.754
135450,23.492
135451,18.361
135452,16.181
135453,18.06
135454,17.889
135455,18.299
135456,15.893
135457,10.506
135458,13.859
135459,16.262
135460,16.653
135461,16.213
135462,13.708
135463,5.633
135464,10.549
135465,15.594
135466,16.138
135467,17.189
135468,10.877
135469,1.069
135470,11.582
135471,16.589
135472,18.433
135473,20.636
135474,11.962
135475,3.212
135476,11.02
135477,18.804
135478,22.357
135479,24.961
135480,11.537
135481,4.886
135482,11.697
135483,19.539
135484,24.044
135485,29.478
135486,10.907
135487,8.293
135488,11.693
135489,21.2
135490,6.137
135491,31.896
135492,11.037
135493,9.248
135494,10.934
135495,17.303
135496,22.916
135497,34.405
135498,11.17
135499,12.744
135500,12.333
135501,18.314
135502,15.671
135503,34.493
135504,11.902
135505,14.471
135506,9.679
135507,17.871
135508,18.296
135509,34.277
135510,11.73
135511,31.161
135512,27.454
135513,24.356
135514,31.094
135515,18.349
135516,28.852
135517,57.295
135518,48.516
135519,43.664
135520,48.285
135521,59.815
135522,47.391
135523,53.07
135524,37.246
135525,37.094
135526,34.459
135527,27.843
135528,35.998
135529,50.313
135530,30.105
135531,34.657
135532,34.312
135533,27.257
135534,30.208
135535,42.237
135536,19.759
135537,28.956
135538,26.786
135539,18.914
135540,20.895
135541,43.751
135542,17.126
135543,25.405
135544,25.801
135545,19.389
135546,17.518
135547,43.537
135548,15.44
135549,22.522
135550,22.854
135551,18.808
135552,15.879
135553,43.968
135554,14.972
135555,19.538
135556,19.94
135557,16.618
135558,16.47
135559,46.114
135560,15.342
135561,21.361
135562,20.572
135563,15.609
135564,18.562
135565,45.627
135566,18.241
135567,19.412
135568,18.857
135569,14.342
135570,18.638
135571,49.824
135572,21.403
135573,19.162
135574,18.21
135575,14.111
135576,22.097
135577,53.889
135578,22.366
135579,19.701
135580,18.674
135581,14.858
135582,22.918
135583,60.466
135584,24.875
135585,22.399
135586,21.54
135587,17.095
135588,25.66
135589,42.631
135590,19.99
135591,21.758
135592,20.892
135593,17.12
135594,18.623
135595,19.251
135596,19.491
135597,19.267
135598,17.999
135599,17.084
135600,18.283
135601,10.521
135602,17.143
135603,16.392
135604,15.652
135605,16.352
135606,16.785
135607,3.001
135608,16.916
135609,16.588
135610,15.311
135611,15.796
135612,16.177
135613,1.26
135614,19.467
135615,19.465
135616,19.262
135617,18.964
135618,18.183
135619,4.11
135620,19.796
135621,21.946
135622,21.748
135623,22.094
135624,19.054
135625,10.932
135626,23.028
135627,26.129
135628,24.367
135629,29.184
135630,24.266
135631,19.638
135632,27.304
135633,26.6
135634,25.696
135635,33.388
135636,26.737
135637,26.361
135638,31.368
135639,32.739
135640,28.823
135641,39.433
135642,26.237
135643,30.979
135644,28.667
135645,29.997
135646,28.729
135647,41.879
135648,22.485
135649,36.794
135650,36.23
135651,32.304
135652,31.603
135653,45.152
135654,17.034
135655,55.497
135656,40.358
135657,47.743
135658,49.391
135659,50.514
135660,48.138
135661,81.181
135662,79.19
135663,72.091
135664,45.819
135665,59.206
135666,83.517
135667,67.728
135668,59.269
135669,52.11
135670,35.506
135671,34.11
135672,56.599
135673,86.728
135674,44.517
135675,46.809
135676,29.038
135677,27.738
135678,45.855
135679,70.971
135680,32.876
135681,35.92
135682,32.741
135683,24.732
135684,34.577
135685,59.393
135686,29.525
135687,31.863
135688,26.707
135689,23.081
135690,28.574
135691,53.159
135692,22.607
135693,28.887
135694,26.906
135695,26.356
135696,20.827
135697,53.977
135698,21.296
135699,27.706
135700,25.974
135701,25.494
135702,22.639
135703,57.898
135704,22.518
135705,28.464
135706,25.834
135707,27.31
135708,22.767
135709,59.827
135710,23.28
135711,26.332
135712,25.6
135713,26.685
135714,23.926
135715,75.223
135716,24.196
135717,26.252
135718,25.664
135719,27.001
135720,23.739
135721,57.296
135722,23.682
135723,29.566
135724,26.197
135725,27.485
135726,25.91
135727,57.585
135728,29.559
135729,34.083
135730,30.948
135731,31.599
135732,30.183
135733,45.777
135734,28.038
135735,30.609
135736,28.111
135737,29.82
135738,28.516
135739,20.237
135740,21.948
135741,22.014
135742,21.609
135743,22.555
135744,22.061
135745,9.186
135746,17.9
135747,17.733
135748,17.595
135749,19.507
135750,16.966
135751,5.732
135752,18.988
135753,19.669
135754,19.394
135755,21.84
135756,18.107
135757,3.968
135758,22.769
135759,24.171
135760,25.538
135761,28.6
135762,20.996
135763,7.875
135764,23.718
135765,28.725
135766,30.043
135767,34.379
135768,24.413
135769,13.231
135770,29.299
135771,32.914
135772,33.782
135773,39.429
135774,29.457
135775,18.179
135776,31.395
135777,32.084
135778,34.851
135779,42.704
135780,31.782
135781,23.87
135782,31.788
135783,30.665
135784,33.166
135785,44.896
135786,32.175
135787,23.705
135788,33.643
135789,29.168
135790,31.615
135791,42.821
135792,32.484
135793,31.256
135794,35.316
135795,25.304
135796,28.239
135797,44.121
135798,36.735
135799,55.807
135800,62.561
135801,47.723
135802,31.81
135803,48.769
135804,61.461
135805,84.945
135806,77.307
135807,63.576
135808,45.384
135809,51.571
135810,76.359
135811,67.153
135812,47.895
135813,50.931
135814,37.955
135815,31.968
135816,49.148
135817,56.857
135818,32.681
135819,39.715
135820,34.644
135821,32.773
135822,32.611
135823,50.047
135824,22.579
135825,33.045
135826,30.47
135827,27.512
135828,23.27
135829,54.341
135830,20.619
135831,31.231
135832,29.364
135833,25.993
135834,21.492
135835,49.193
135836,19.064
135837,25.739
135838,22.868
135839,23.387
135840,17.396
135841,52.034
135842,18.445
135843,24.74
135844,22.262
135845,22.303
135846,18.952
135847,60.83
135848,18.881
135849,27.975
135850,24.088
135851,26.481
135852,19.754
135853,59.761
135854,19.848
135855,27.5
135856,23.645
135857,25.441
135858,21.149
135859,64.911
135860,20.175
135861,27.582
135862,23.677
135863,25.503
135864,21.061
135865,64.643
135866,22.156
135867,29.833
135868,25.976
135869,27.283
135870,24.063
135871,66.078
135872,27.513
135873,34.893
135874,30.688
135875,32.372
135876,29.184
135877,54.52
135878,27.389
135879,33.107
135880,28.842
135881,30.985
135882,28.505
135883,25.909
135884,19.065
135885,20.437
135886,19.718
135887,21.586
135888,19.299
135889,17.726
135890,16.096
135891,16.711
135892,16.47
135893,18.68
135894,16.036
135895,15.902
135896,17.194
135897,17.928
135898,18.071
135899,21.07
135900,16.814
135901,15.734
135902,20.391
135903,20.906
135904,22.339
135905,26.208
135906,20.237
135907,19.408
135908,25.689
135909,26.379
135910,28.589
135911,33.959
135912,25.788
135913,21.143
135914,28.382
135915,25.288
135916,31.584
135917,38.65
135918,29.035
135919,24.252
135920,30.067
135921,29.955
135922,32.065
135923,40.665
135924,29.774
135925,26.153
135926,29.998
135927,30.296
135928,31.282
135929,42.492
135930,31.868
135931,30.248
135932,32.178
135933,23.805
135934,29.0
135935,44.617
135936,33.924
135937,37.124
135938,38.149
135939,16.798
135940,34.389
135941,48.642
135942,41.27
135943,69.115
135944,62.691
135945,56.355
135946,59.373
135947,70.638
135948,72.35
135949,97.475
135950,81.474
135951,78.34
135952,69.675
135953,83.798
135954,90.525
135955,78.365
135956,49.577
135957,53.688
135958,40.437
135959,42.86
135960,50.576
135961,70.859
135962,36.733
135963,39.437
135964,25.653
135965,30.209
135966,38.377
135967,59.487
135968,27.501
135969,36.115
135970,26.618
135971,25.222
135972,25.323
135973,59.946
135974,21.706
135975,32.583
135976,27.036
135977,25.58
135978,22.569
135979,53.431
135980,18.258
135981,25.341
135982,22.059
135983,21.908
135984,19.815
135985,54.773
135986,17.122
135987,24.737
135988,22.052
135989,20.892
135990,18.282
135991,58.159
135992,16.385
135993,23.387
135994,21.736
135995,21.553
135996,17.903
135997,59.197
135998,16.464
135999,22.809
136000,21.079
136001,20.587
136002,17.505
136003,60.474
136004,15.811
136005,22.363
136006,20.575
136007,19.861
136008,17.63
136009,65.307
136010,23.518
136011,28.221
136012,26.237
136013,25.597
136014,24.693
136015,60.545
136016,25.927
136017,29.467
136018,27.068
136019,26.384
136020,27.095
136021,50.477
136022,23.251
136023,27.355
136024,25.283
136025,24.962
136026,24.959
136027,23.729
136028,17.294
136029,18.018
136030,18.356
136031,18.429
136032,18.274
136033,15.177
136034,14.94
136035,15.073
136036,15.977
136037,16.695
136038,14.408
136039,15.329
136040,13.36
136041,16.833
136042,16.924
136043,19.529
136044,15.021
136045,11.151
136046,12.279
136047,18.305
136048,19.667
136049,23.004
136050,14.329
136051,12.95
136052,16.493
136053,22.922
136054,24.651
136055,30.336
136056,15.78
136057,14.418
136058,19.097
136059,25.267
136060,25.991
136061,33.463
136062,20.781
136063,17.534
136064,25.496
136065,25.904
136066,24.645
136067,28.431
136068,24.55
136069,20.828
136070,29.912
136071,29.269
136072,22.085
136073,40.416
136074,29.481
136075,24.904
136076,34.453
136077,30.122
136078,27.055
136079,42.558
136080,38.489
136081,35.682
136082,49.154
136083,37.832
136084,36.13
136085,43.488
136086,36.427
136087,53.642
136088,52.553
136089,43.006
136090,42.944
136091,53.021
136092,54.788
136093,85.554
136094,78.262
136095,59.732
136096,45.73
136097,64.614
136098,65.137
136099,66.578
136100,43.192
136101,40.017
136102,21.99
136103,30.751
136104,46.827
136105,54.775
136106,33.737
136107,35.185
136108,26.346
136109,25.177
136110,32.297
136111,48.875
136112,29.372
136113,31.98
136114,24.088
136115,23.192
136116,25.265
136117,51.928
136118,20.048
136119,26.983
136120,24.412
136121,22.473
136122,23.769
136123,51.06
136124,17.512
136125,23.765
136126,22.689
136127,23.496
136128,18.777
136129,53.628
136130,19.305
136131,23.841
136132,22.461
136133,22.329
136134,21.123
136135,55.058
136136,21.509
136137,22.949
136138,21.83
136139,21.582
136140,21.9
136141,55.251
136142,18.76
136143,21.797
136144,20.735
136145,19.934
136146,20.203
136147,58.895
136148,20.855
136149,22.252
136150,20.717
136151,19.838
136152,20.68
136153,56.701
136154,25.155
136155,24.576
136156,23.185
136157,21.885
136158,25.199
136159,53.303
136160,29.341
136161,28.552
136162,27.331
136163,25.947
136164,29.092
136165,51.238
136166,29.064
136167,31.482
136168,29.628
136169,29.551
136170,32.795
136171,22.648
136172,19.186
136173,19.713
136174,20.22
136175,19.983
136176,20.545
136177,14.615
136178,16.601
136179,16.645
136180,17.177
136181,18.046
136182,17.5
136183,9.859
136184,17.726
136185,17.091
136186,17.66
136187,19.112
136188,18.083
136189,5.887
136190,19.382
136191,19.307
136192,21.147
136193,23.095
136194,21.246
136195,8.678
136196,22.583
136197,24.173
136198,24.661
136199,28.573
136200,24.827
136201,12.019
136202,26.584
136203,28.429
136204,29.38
136205,33.955
136206,28.284
136207,13.387
136208,27.149
136209,26.966
136210,26.952
136211,34.814
136212,28.055
136213,19.695
136214,30.339
136215,29.21
136216,27.433
136217,39.782
136218,30.63
136219,22.832
136220,35.125
136221,31.251
136222,27.464
136223,41.374
136224,35.932
136225,33.257
136226,41.727
136227,32.122
136228,32.654
136229,43.307
136230,42.247
136231,57.764
136232,66.532
136233,51.919
136234,42.944
136235,62.812
136236,67.428
136237,87.596
136238,81.405
136239,63.937
136240,62.229
136241,54.267
136242,84.399
136243,74.319
136244,54.96
136245,42.421
136246,38.598
136247,38.696
136248,38.126
136249,65.199
136250,39.062
136251,38.652
136252,30.747
136253,29.512
136254,33.216
136255,59.791
136256,23.356
136257,34.415
136258,26.689
136259,22.815
136260,29.305
136261,59.031
136262,29.019
136263,30.943
136264,28.965
136265,25.534
136266,22.107
136267,68.917
136268,30.949
136269,28.686
136270,25.137
136271,25.623
136272,26.559
136273,70.898
136274,24.381
136275,27.062
136276,25.939
136277,26.329
136278,24.749
136279,76.932
136280,28.19
136281,28.437
136282,26.598
136283,27.517
136284,28.008
136285,78.847
136286,25.439
136287,28.119
136288,25.971
136289,26.518
136290,24.352
136291,84.96
136292,24.74
136293,27.949
136294,25.54
136295,25.717
136296,25.262
136297,83.117
136298,27.25
136299,28.67
136300,26.274
136301,26.406
136302,28.119
136303,75.721
136304,29.453
136305,32.114
136306,29.152
136307,29.047
136308,31.379
136309,64.252
136310,25.424
136311,31.051
136312,28.424
136313,28.454
136314,31.523
136315,29.015
136316,22.672
136317,20.327
136318,21.018
136319,20.893
136320,21.11
136321,18.119
136322,18.35
136323,15.896
136324,17.179
136325,17.514
136326,17.834
136327,15.868
136328,17.39
136329,16.218
136330,17.15
136331,18.768
136332,17.95
136333,14.223
136334,22.517
136335,21.988
136336,23.371
136337,26.603
136338,22.985
136339,14.773
136340,25.453
136341,26.631
136342,28.43
136343,32.395
136344,25.647
136345,20.449
136346,29.363
136347,29.823
136348,31.46
136349,37.231
136350,29.716
136351,21.411
136352,29.699
136353,28.612
136354,31.021
136355,39.124
136356,29.982
136357,22.887
136358,29.282
136359,28.96
136360,29.84
136361,41.27
136362,30.014
136363,24.208
136364,28.327
136365,27.872
136366,27.351
136367,37.566
136368,30.766
136369,28.618
136370,35.555
136371,31.499
136372,29.074
136373,38.726
136374,33.235
136375,69.281
136376,66.104
136377,61.832
136378,53.393
136379,65.814
136380,64.25
136381,95.768
136382,76.501
136383,64.925
136384,38.206
136385,61.94
136386,84.366
136387,69.785
136388,49.991
136389,35.818
136390,26.505
136391,31.082
136392,46.552
136393,59.595
136394,33.249
136395,31.983
136396,21.825
136397,24.071
136398,32.335
136399,48.677
136400,19.181
136401,25.415
136402,21.327
136403,18.51
136404,22.579
136405,50.28
136406,16.081
136407,22.238
136408,21.75
136409,17.671
136410,17.139
136411,49.277
136412,18.737
136413,22.808
136414,22.982
136415,18.692
136416,19.5
136417,52.45
136418,15.731
136419,20.482
136420,22.172
136421,19.293
136422,18.275
136423,52.746
136424,15.518
136425,19.783
136426,20.893
136427,18.528
136428,16.721
136429,51.549
136430,14.518
136431,19.955
136432,19.751
136433,16.95
136434,16.404
136435,58.061
136436,14.946
136437,20.518
136438,19.712
136439,16.963
136440,17.002
136441,54.141
136442,16.662
136443,21.454
136444,20.549
136445,17.767
136446,18.485
136447,54.023
136448,20.34
136449,24.395
136450,24.374
136451,20.527
136452,21.666
136453,47.976
136454,23.773
136455,26.531
136456,26.554
136457,23.151
136458,23.57
136459,21.273
136460,15.685
136461,16.521
136462,18.39
136463,15.716
136464,16.306
136465,15.388
136466,14.545
136467,14.332
136468,15.917
136469,14.882
136470,14.852
136471,13.278
136472,13.06
136473,15.573
136474,16.628
136475,16.768
136476,13.413
136477,8.128
136478,11.001
136479,17.45
136480,19.418
136481,20.475
136482,11.318
136483,8.754
136484,13.115
136485,22.733
136486,25.425
136487,27.266
136488,16.997
136489,13.393
136490,19.11
136491,25.997
136492,28.03
136493,31.624
136494,19.288
136495,15.007
136496,19.234
136497,26.027
136498,27.331
136499,34.074
136500,21.146
136501,21.277
136502,21.784
136503,29.306
136504,27.684
136505,38.819
136506,21.165
136507,23.902
136508,22.126
136509,28.885
136510,26.358
136511,38.169
136512,15.901
136513,31.871
136514,25.208
136515,34.839
136516,30.019
136517,39.823
136518,23.031
136519,58.722
136520,57.611
136521,27.546
136522,46.71
136523,52.234
136524,41.168
136525,72.094
136526,57.054
136527,37.892
136528,39.152
136529,53.418
136530,56.192
136531,51.122
136532,38.567
136533,33.928
136534,24.756
136535,21.924
136536,34.109
136537,51.256
136538,25.558
136539,29.809
136540,23.585
136541,17.164
136542,24.648
136543,39.246
136544,18.195
136545,24.791
136546,19.585
136547,14.297
136548,19.275
136549,39.29
136550,11.359
136551,21.199
136552,16.206
136553,11.047
136554,12.53
136555,44.837
136556,15.4
136557,22.932
136558,21.762
136559,17.171
136560,14.843
136561,43.865
136562,11.82
136563,20.773
136564,18.714
136565,15.313
136566,12.15
136567,46.822
136568,14.231
136569,20.329
136570,19.363
136571,15.735
136572,11.954
136573,48.174
136574,12.595
136575,19.972
136576,18.695
136577,14.561
136578,15.943
136579,52.92
136580,14.299
136581,19.591
136582,18.113
136583,14.93
136584,15.032
136585,48.048
136586,15.492
136587,19.509
136588,18.375
136589,14.852
136590,17.161
136591,44.23
136592,16.256
136593,21.838
136594,20.596
136595,17.597
136596,24.099
136597,34.895
136598,14.002
136599,21.055
136600,20.282
136601,17.368
136602,17.879
136603,13.798
136604,9.37
136605,16.014
136606,16.381
136607,14.505
136608,13.481
136609,6.742
136610,14.736
136611,13.513
136612,14.504
136613,13.711
136614,12.278
136615,6.346
136616,16.463
136617,14.242
136618,14.293
136619,14.651
136620,13.751
136621,8.384
136622,9.342
136623,16.265
136624,16.473
136625,17.253
136626,14.864
136627,13.277
136628,10.712
136629,21.083
136630,21.678
136631,23.617
136632,12.514
136633,21.011
136634,19.759
136635,27.036
136636,27.496
136637,32.281
136638,15.969
136639,21.439
136640,15.643
136641,26.011
136642,25.795
136643,32.27
136644,18.559
136645,24.454
136646,20.937
136647,27.625
136648,27.453
136649,37.59
136650,19.676
136651,29.054
136652,24.414
136653,30.884
136654,28.457
136655,39.171
136656,24.086
136657,39.627
136658,32.369
136659,35.177
136660,33.074
136661,42.492
136662,31.72
136663,58.344
136664,57.093
136665,57.633
136666,54.099
136667,61.87
136668,45.951
136669,65.626
136670,44.242
136671,39.978
136672,44.629
136673,53.619
136674,38.734
136675,44.838
136676,30.446
136677,32.981
136678,16.736
136679,28.447
136680,32.672
136681,44.051
136682,26.053
136683,28.305
136684,20.679
136685,17.344
136686,29.742
136687,36.168
136688,21.442
136689,21.139
136690,17.527
136691,15.147
136692,20.271
136693,38.704
136694,19.772
136695,19.543
136696,15.451
136697,12.644
136698,18.79
136699,43.405
136700,22.768
136701,24.973
136702,20.221
136703,17.344
136704,23.888
136705,43.188
136706,21.122
136707,22.636
136708,20.087
136709,18.172
136710,18.568
136711,44.576
136712,18.971
136713,19.637
136714,19.494
136715,17.859
136716,15.284
136717,43.661
136718,18.898
136719,18.894
136720,18.096
136721,15.404
136722,15.189
136723,49.331
136724,18.905
136725,19.259
136726,18.023
136727,15.251
136728,14.353
136729,48.94
136730,21.302
136731,22.675
136732,20.43
136733,17.991
136734,15.778
136735,45.934
136736,24.851
136737,26.887
136738,24.713
136739,22.595
136740,21.355
136741,37.394
136742,25.647
136743,26.173
136744,24.781
136745,23.101
136746,21.601
136747,16.381
136748,20.407
136749,20.649
136750,20.099
136751,18.553
136752,15.808
136753,10.656
136754,17.655
136755,17.185
136756,16.052
136757,17.635
136758,14.539
136759,10.979
136760,18.587
136761,20.102
136762,19.381
136763,22.138
136764,14.855
136765,14.828
136766,22.936
136767,23.893
136768,24.71
136769,28.396
136770,21.499
136771,19.289
136772,27.297
136773,27.848
136774,29.186
136775,34.229
136776,27.245
136777,20.501
136778,30.254
136779,30.171
136780,30.34
136781,38.115
136782,30.128
136783,23.398
136784,31.164
136785,30.897
136786,30.12
136787,39.246
136788,31.371
136789,25.373
136790,30.32
136791,30.654
136792,29.076
136793,42.197
136794,29.998
136795,28.421
136796,29.189
136797,28.64
136798,26.057
136799,38.421
136800,28.207
136801,42.297
136802,34.751
136803,33.819
136804,30.278
136805,40.45
136806,35.257
136807,84.363
136808,66.482
136809,61.576
136810,57.083
136811,64.919
136812,70.625
136813,84.648
136814,61.245
136815,53.894
136816,56.409
136817,60.154
136818,60.788
136819,54.332
136820,33.137
136821,32.584
136822,30.718
136823,33.802
136824,31.943
136825,44.357
136826,23.405
136827,29.456
136828,15.958
136829,12.567
136830,23.239
136831,34.293
136832,14.297
136833,22.151
136834,10.81
136835,12.3
136836,14.066
136837,36.348
136838,12.776
136839,18.279
136840,11.417
136841,9.481
136842,10.191
136843,39.347
136844,10.025
136845,17.74
136846,11.385
136847,11.072
136848,9.592
136849,39.632
136850,8.099
136851,16.479
136852,12.686
136853,9.578
136854,8.445
136855,41.417
136856,8.729
136857,16.454
136858,13.494
136859,9.457
136860,10.194
136861,41.921
136862,11.488
136863,16.038
136864,14.511
136865,9.036
136866,12.929
136867,46.44
136868,9.353
136869,15.94
136870,14.566
136871,10.178
136872,12.392
136873,44.093
136874,11.282
136875,18.009
136876,16.516
136877,11.927
136878,12.901
136879,41.261
136880,18.173
136881,22.521
136882,22.314
136883,16.852
136884,16.576
136885,32.712
136886,16.366
136887,20.96
136888,21.696
136889,16.423
136890,16.159
136891,13.276
136892,9.816
136893,15.1
136894,14.198
136895,11.384
136896,12.318
136897,6.544
136898,5.903
136899,12.441
136900,9.348
136901,9.885
136902,14.137
136903,4.016
136904,11.407
136905,10.985
136906,7.172
136907,10.916
136908,10.083
136909,5.379
136910,17.915
136911,16.479
136912,9.51
136913,15.255
136914,17.087
136915,11.364
136916,22.493
136917,22.772
136918,17.836
136919,23.54
136920,22.125
136921,20.781
136922,24.634
136923,26.703
136924,23.397
136925,29.14
136926,25.096
136927,26.131
136928,25.997
136929,28.196
136930,22.288
136931,30.823
136932,26.969
136933,28.583
136934,28.244
136935,31.087
136936,22.883
136937,35.755
136938,27.892
136939,32.127
136940,31.902
136941,30.391
136942,23.068
136943,35.576
136944,32.591
136945,44.659
136946,36.202
136947,35.236
136948,27.304
136949,36.637
136950,38.111
136951,85.041
136952,74.099
136953,67.055
136954,53.789
136955,65.595
136956,75.111
136957,109.806
136958,85.703
136959,66.235
136960,72.11
136961,90.42
136962,95.268
136963,54.49
136964,33.317
136965,36.267
136966,28.261
136967,28.697
136968,35.729
136969,68.436
136970,27.48
136971,32.986
136972,21.932
136973,18.938
136974,26.782
136975,55.005
136976,22.369
136977,28.828
136978,20.743
136979,17.247
136980,22.656
136981,52.763
136982,23.964
136983,27.144
136984,20.931
136985,17.006
136986,30.898
136987,49.672
136988,23.604
136989,24.384
136990,16.899
136991,15.931
136992,21.699
136993,52.385
136994,17.544
136995,22.305
136996,18.967
136997,16.238
136998,17.109
136999,53.02
137000,17.046
137001,22.777
137002,19.138
137003,16.139
137004,14.95
137005,57.305
137006,16.785
137007,22.704
137008,19.729
137009,16.861
137010,17.5
137011,68.681
137012,16.626
137013,22.418
137014,20.838
137015,16.462
137016,24.489
137017,56.986
137018,27.056
137019,23.156
137020,21.889
137021,17.026
137022,26.518
137023,54.195
137024,33.144
137025,31.231
137026,28.98
137027,23.317
137028,33.379
137029,44.431
137030,26.378
137031,26.542
137032,24.745
137033,20.582
137034,24.766
137035,27.472
137036,22.284
137037,19.58
137038,20.54
137039,18.676
137040,24.035
137041,20.854
137042,17.669
137043,16.688
137044,17.128
137045,15.687
137046,19.221
137047,22.922
137048,12.492
137049,20.066
137050,16.423
137051,15.425
137052,12.254
137053,17.56
137054,14.266
137055,24.642
137056,19.289
137057,23.425
137058,13.975
137059,16.141
137060,13.921
137061,29.451
137062,25.621
137063,29.805
137064,15.453
137065,19.738
137066,16.594
137067,33.547
137068,31.02
137069,37.625
137070,18.113
137071,21.484
137072,15.098
137073,36.224
137074,31.763
137075,42.238
137076,17.205
137077,29.165
137078,17.043
137079,42.525
137080,38.305
137081,47.61
137082,17.354
137083,31.084
137084,14.816
137085,35.37
137086,33.896
137087,47.696
137088,15.087
137089,38.696
137090,20.097
137091,43.688
137092,17.84
137093,50.293
137094,21.88
137095,68.868
137096,37.272
137097,65.299
137098,44.611
137099,60.032
137100,37.856
137101,108.611
137102,57.454
137103,53.823
137104,63.177
137105,62.878
137106,58.91
137107,82.67
137108,45.119
137109,37.98
137110,45.019
137111,42.01
137112,45.243
137113,79.219
137114,38.546
137115,34.31
137116,27.518
137117,35.122
137118,36.442
137119,78.839
137120,33.392
137121,35.962
137122,27.933
137123,24.929
137124,34.789
137125,80.116
137126,32.985
137127,38.043
137128,26.594
137129,24.012
137130,31.561
137131,87.482
137132,27.358
137133,33.668
137134,26.05
137135,25.638
137136,26.819
137137,73.528
137138,29.647
137139,29.783
137140,27.644
137141,22.189
137142,29.77
137143,66.442
137144,28.451
137145,29.83
137146,26.295
137147,24.38
137148,28.909
137149,70.527
137150,27.36
137151,28.418
137152,24.177
137153,22.016
137154,27.992
137155,79.896
137156,25.866
137157,26.926
137158,23.848
137159,24.199
137160,26.992
137161,79.899
137162,26.169
137163,27.925
137164,26.034
137165,27.2
137166,28.806
137167,85.371
137168,30.072
137169,33.827
137170,31.579
137171,31.785
137172,32.445
137173,68.892
137174,27.36
137175,32.339
137176,30.454
137177,31.022
137178,29.229
137179,35.022
137180,20.277
137181,24.591
137182,24.725
137183,25.531
137184,21.02
137185,20.036
137186,16.822
137187,19.379
137188,20.541
137189,21.908
137190,18.434
137191,17.751
137192,17.851
137193,19.237
137194,20.565
137195,14.5
137196,18.496
137197,16.215
137198,18.49
137199,19.163
137200,21.898
137201,22.649
137202,19.07
137203,19.394
137204,21.975
137205,21.386
137206,22.973
137207,28.849
137208,21.708
137209,21.49
137210,24.972
137211,20.656
137212,26.559
137213,30.609
137214,24.026
137215,22.722
137216,27.272
137217,24.442
137218,24.08
137219,30.525
137220,27.446
137221,23.575
137222,28.832
137223,26.558
137224,22.807
137225,35.557
137226,29.164
137227,26.711
137228,31.16
137229,26.502
137230,22.107
137231,31.648
137232,31.548
137233,43.046
137234,45.471
137235,37.041
137236,11.358
137237,42.086
137238,45.078
137239,113.592
137240,106.318
137241,84.864
137242,62.923
137243,82.097
137244,106.541
137245,154.092
137246,131.255
137247,106.315
137248,90.771
137249,99.79
137250,131.483
137251,117.988
137252,88.172
137253,72.161
137254,62.527
137255,66.497
137256,89.944
137257,92.981
137258,57.025
137259,49.976
137260,44.232
137261,41.489
137262,53.923
137263,69.436
137264,35.689
137265,36.722
137266,32.247
137267,29.188
137268,38.028
137269,66.88
137270,29.959
137271,33.12
137272,28.974
137273,28.672
137274,29.642
137275,71.91
137276,28.639
137277,31.494
137278,26.928
137279,27.764
137280,28.099
137281,69.273
137282,29.683
137283,29.031
137284,25.489
137285,24.83
137286,30.42
137287,68.295
137288,28.116
137289,27.174
137290,24.291
137291,23.441
137292,28.691
137293,68.575
137294,26.783
137295,25.781
137296,23.137
137297,23.02
137298,27.457
137299,70.238
137300,26.899
137301,25.864
137302,22.727
137303,22.221
137304,28.422
137305,68.487
137306,28.756
137307,27.558
137308,23.642
137309,23.521
137310,29.749
137311,64.016
137312,33.971
137313,31.123
137314,27.691
137315,27.739
137316,34.632
137317,54.254
137318,33.078
137319,29.034
137320,27.225
137321,27.389
137322,33.375
137323,16.526
137324,17.999
137325,15.487
137326,16.903
137327,17.002
137328,18.25
137329,7.927
137330,13.855
137331,12.532
137332,14.405
137333,15.057
137334,14.131
137335,6.975
137336,13.484
137337,12.797
137338,15.135
137339,16.755
137340,13.296
137341,5.385
137342,14.217
137343,14.655
137344,18.431
137345,21.145
137346,14.61
137347,11.791
137348,17.693
137349,19.475
137350,22.825
137351,27.291
137352,17.876
137353,17.755
137354,23.632
137355,24.82
137356,29.157
137357,33.572
137358,24.075
137359,20.546
137360,26.146
137361,24.721
137362,26.508
137363,35.405
137364,26.487
137365,21.746
137366,27.067
137367,25.007
137368,25.83
137369,38.516
137370,27.39
137371,25.082
137372,29.795
137373,24.511
137374,25.991
137375,37.69
137376,30.34
137377,39.557
137378,41.782
137379,37.876
137380,31.906
137381,42.123
137382,43.161
137383,90.052
137384,90.762
137385,83.693
137386,70.801
137387,76.405
137388,88.896
137389,121.26
137390,98.316
137391,95.058
137392,75.423
137393,82.369
137394,98.44
137395,77.36
137396,42.758
137397,53.346
137398,35.58
137399,39.888
137400,44.902
137401,70.167
137402,25.934
137403,38.64
137404,22.155
137405,17.3
137406,25.92
137407,45.614
137408,17.059
137409,26.187
137410,16.678
137411,12.965
137412,17.623
137413,45.773
137414,15.524
137415,22.793
137416,17.805
137417,12.954
137418,13.632
137419,46.22
137420,11.391
137421,20.158
137422,18.553
137423,11.435
137424,10.67
137425,46.071
137426,10.977
137427,18.634
137428,17.289
137429,13.769
137430,11.332
137431,47.317
137432,11.463
137433,18.251
137434,17.183
137435,13.982
137436,13.3
137437,47.734
137438,14.045
137439,17.978
137440,16.287
137441,13.149
137442,13.26
137443,53.526
137444,14.645
137445,18.39
137446,16.793
137447,13.137
137448,15.494
137449,52.191
137450,17.439
137451,19.052
137452,17.479
137453,14.795
137454,16.864
137455,49.353
137456,20.89
137457,22.931
137458,21.782
137459,18.35
137460,20.624
137461,38.948
137462,20.877
137463,22.129
137464,21.083
137465,17.973
137466,21.538
137467,16.827
137468,15.49
137469,14.714
137470,15.3
137471,13.076
137472,15.498
137473,8.556
137474,12.562
137475,11.819
137476,13.246
137477,11.913
137478,12.209
137479,9.107
137480,13.156
137481,13.564
137482,15.217
137483,14.778
137484,12.524
137485,10.95
137486,15.645
137487,15.19
137488,18.273
137489,18.786
137490,15.772
137491,15.428
137492,19.209
137493,19.054
137494,22.885
137495,24.207
137496,19.157
137497,19.003
137498,22.628
137499,22.473
137500,26.009
137501,30.323
137502,22.92
137503,22.358
137504,25.178
137505,23.375
137506,27.676
137507,34.649
137508,25.559
137509,22.531
137510,26.784
137511,24.687
137512,27.496
137513,36.624
137514,27.104
137515,25.77
137516,24.711
137517,23.735
137518,24.217
137519,36.126
137520,27.866
137521,40.836
137522,36.519
137523,32.651
137524,29.57
137525,40.354
137526,37.345
137527,83.378
137528,72.233
137529,66.252
137530,58.422
137531,58.418
137532,77.698
137533,99.807
137534,78.525
137535,65.471
137536,36.675
137537,61.1
137538,77.111
137539,70.728
137540,38.811
137541,38.175
137542,17.94
137543,16.798
137544,41.102
137545,56.159
137546,28.227
137547,34.441
137548,18.068
137549,14.912
137550,28.99
137551,49.198
137552,22.516
137553,29.109
137554,16.5
137555,13.08
137556,23.678
137557,53.823
137558,21.703
137559,25.007
137560,20.521
137561,14.811
137562,23.415
137563,55.815
137564,18.01
137565,21.394
137566,19.036
137567,15.452
137568,17.698
137569,55.331
137570,18.73
137571,22.248
137572,19.728
137573,16.218
137574,18.804
137575,58.765
137576,20.705
137577,22.305
137578,20.544
137579,18.289
137580,18.767
137581,59.809
137582,21.547
137583,22.05
137584,20.323
137585,17.646
137586,18.133
137587,68.903
137588,21.759
137589,22.361
137590,20.298
137591,18.36
137592,19.939
137593,65.302
137594,23.359
137595,23.279
137596,21.196
137597,19.368
137598,23.1
137599,60.688
137600,27.303
137601,27.137
137602,24.797
137603,23.161
137604,26.553
137605,50.379
137606,26.423
137607,27.098
137608,25.102
137609,23.391
137610,26.69
137611,21.352
137612,16.344
137613,16.035
137614,16.105
137615,14.648
137616,16.222
137617,11.569
137618,13.144
137619,12.137
137620,12.974
137621,11.966
137622,13.316
137623,11.96
137624,13.96
137625,12.888
137626,13.924
137627,13.996
137628,14.197
137629,10.869
137630,15.393
137631,14.476
137632,16.719
137633,17.472
137634,15.958
137635,14.651
137636,18.1
137637,17.693
137638,20.384
137639,21.784
137640,18.479
137641,16.272
137642,20.072
137643,19.465
137644,21.825
137645,26.639
137646,19.915
137647,19.214
137648,22.45
137649,21.471
137650,19.863
137651,29.68
137652,21.616
137653,21.865
137654,23.424
137655,23.285
137656,23.439
137657,30.67
137658,25.344
137659,26.659
137660,29.14
137661,24.362
137662,24.071
137663,32.818
137664,28.791
137665,40.691
137666,40.287
137667,34.908
137668,32.83
137669,40.721
137670,38.379
137671,82.268
137672,69.718
137673,65.86
137674,49.729
137675,64.848
137676,76.399
137677,101.065
137678,78.515
137679,72.543
137680,44.531
137681,59.433
137682,75.654
137683,73.057
137684,41.989
137685,42.236
137686,24.468
137687,30.119
137688,46.013
137689,66.55
137690,32.475
137691,36.605
137692,21.375
137693,22.874
137694,33.385
137695,54.402
137696,27.123
137697,31.513
137698,21.64
137699,19.109
137700,28.161
137701,58.794
137702,23.448
137703,26.799
137704,22.65
137705,16.831
137706,25.427
137707,66.013
137708,19.989
137709,25.959
137710,23.158
137711,21.431
137712,20.65
137713,64.357
137714,18.822
137715,25.074
137716,22.859
137717,21.905
137718,19.343
137719,70.838
137720,19.16
137721,25.069
137722,22.571
137723,22.469
137724,19.717
137725,66.767
137726,21.849
137727,25.471
137728,23.519
137729,23.471
137730,20.552
137731,74.844
137732,25.087
137733,27.591
137734,25.437
137735,25.749
137736,24.496
137737,76.671
137738,28.984
137739,30.186
137740,28.747
137741,28.522
137742,28.364
137743,75.254
137744,33.477
137745,33.653
137746,31.896
137747,31.251
137748,32.539
137749,64.256
137750,32.429
137751,32.335
137752,31.19
137753,30.421
137754,32.966
137755,30.662
137756,24.02
137757,23.219
137758,23.632
137759,23.426
137760,24.051
137761,20.014
137762,19.45
137763,18.362
137764,19.449
137765,19.707
137766,19.855
137767,19.014
137768,18.846
137769,18.133
137770,19.173
137771,21.144
137772,19.079
137773,16.733
137774,18.608
137775,17.832
137776,20.204
137777,22.4
137778,18.76
137779,20.543
137780,22.544
137781,22.614
137782,25.731
137783,28.504
137784,22.548
137785,24.63
137786,26.386
137787,27.25
137788,29.278
137789,35.141
137790,26.743
137791,28.546
137792,29.015
137793,28.785
137794,29.628
137795,38.478
137796,28.922
137797,32.069
137798,32.543
137799,33.28
137800,31.873
137801,44.416
137802,33.242
137803,41.308
137804,39.829
137805,40.097
137806,36.5
137807,50.327
137808,42.919
137809,58.082
137810,59.7
137811,56.21
137812,50.574
137813,58.792
137814,58.843
137815,123.763
137816,109.286
137817,102.607
137818,94.272
137819,102.222
137820,107.035
137821,106.122
137822,82.954
137823,80.414
137824,64.779
137825,70.508
137826,80.948
137827,82.033
137828,47.231
137829,61.204
137830,42.14
137831,44.946
137832,49.761
137833,77.185
137834,33.987
137835,41.889
137836,25.421
137837,28.841
137838,37.327
137839,68.227
137840,29.007
137841,37.285
137842,24.924
137843,24.704
137844,33.352
137845,72.178
137846,26.615
137847,33.445
137848,26.795
137849,26.164
137850,29.271
137851,72.666
137852,25.987
137853,31.269
137854,25.454
137855,25.173
137856,25.36
137857,71.446
137858,26.063
137859,29.372
137860,24.89
137861,26.212
137862,25.035
137863,77.782
137864,25.417
137865,27.88
137866,24.632
137867,26.046
137868,24.489
137869,86.019
137870,25.629
137871,28.004
137872,24.378
137873,24.453
137874,24.649
137875,91.597
137876,25.624
137877,27.467
137878,23.82
137879,24.358
137880,25.192
137881,89.184
137882,29.16
137883,28.574
137884,25.846
137885,26.198
137886,28.03
137887,83.76
137888,34.463
137889,32.946
137890,29.751
137891,29.82
137892,33.957
137893,73.656
137894,32.38
137895,30.443
137896,28.129
137897,28.972
137898,33.073
137899,36.685
137900,24.105
137901,22.943
137902,22.709
137903,23.735
137904,24.542
137905,19.778
137906,18.263
137907,16.751
137908,18.038
137909,19.177
137910,18.686
137911,15.772
137912,16.494
137913,15.668
137914,16.404
137915,18.836
137916,16.777
137917,13.571
137918,17.027
137919,16.377
137920,18.455
137921,21.561
137922,17.462
137923,17.702
137924,21.159
137925,21.946
137926,24.893
137927,28.579
137928,21.286
137929,21.746
137930,25.47
137931,26.911
137932,28.728
137933,34.599
137934,25.51
137935,24.961
137936,27.607
137937,28.348
137938,28.666
137939,37.213
137940,27.463
137941,27.334
137942,28.827
137943,30.158
137944,27.509
137945,38.932
137946,29.793
137947,31.88
137948,32.852
137949,31.689
137950,28.698
137951,39.95
137952,33.91
137953,50.01
137954,47.709
137955,46.262
137956,40.109
137957,51.62
137958,48.188
137959,119.94
137960,104.585
137961,102.876
137962,88.929
137963,98.205
137964,104.075
137965,131.577
137966,96.784
137967,99.825
137968,84.728
137969,89.522
137970,97.088
137971,95.597
137972,42.318
137973,45.139
137974,38.803
137975,48.263
137976,48.966
137977,67.656
137978,27.238
137979,37.671
137980,22.937
137981,35.286
137982,31.773
137983,51.945
137984,21.965
137985,28.944
137986,20.975
137987,19.013
137988,24.418
137989,54.067
137990,18.205
137991,24.253
137992,22.349
137993,18.843
137994,19.139
137995,66.058
137996,20.337
137997,23.973
137998,24.193
137999,22.721
138000,21.067
138001,64.997
138002,19.237
138003,23.989
138004,22.528
138005,21.056
138006,20.696
138007,61.776
138008,18.341
138009,23.869
138010,21.758
138011,21.5
138012,18.332
138013,59.349
138014,19.351
138015,23.958
138016,21.109
138017,20.371
138018,19.489
138019,64.879
138020,21.521
138021,24.789
138022,21.94
138023,20.874
138024,20.455
138025,67.555
138026,23.601
138027,26.914
138028,24.08
138029,22.822
138030,24.082
138031,66.1
138032,29.639
138033,31.473
138034,27.641
138035,26.999
138036,29.823
138037,57.279
138038,29.829
138039,31.019
138040,27.858
138041,27.966
138042,30.068
138043,22.244
138044,18.113
138045,17.404
138046,17.477
138047,17.802
138048,18.393
138049,10.118
138050,12.924
138051,11.645
138052,13.177
138053,14.298
138054,13.171
138055,11.269
138056,14.227
138057,13.702
138058,15.395
138059,17.424
138060,14.402
138061,11.587
138062,16.483
138063,16.519
138064,18.869
138065,21.735
138066,16.323
138067,17.269
138068,20.786
138069,21.777
138070,24.121
138071,29.047
138072,20.947
138073,23.593
138074,26.562
138075,27.33
138076,29.172
138077,36.214
138078,27.055
138079,26.589
138080,29.064
138081,28.34
138082,29.638
138083,38.792
138084,29.672
138085,29.265
138086,31.13
138087,30.436
138088,29.297
138089,42.848
138090,32.233
138091,33.566
138092,36.7
138093,33.352
138094,32.011
138095,44.644
138096,36.594
138097,52.872
138098,54.283
138099,46.998
138100,41.179
138101,52.079
138102,53.193
138103,121.469
138104,100.279
138105,95.183
138106,84.284
138107,90.19
138108,99.58
138109,120.352
138110,81.975
138111,84.596
138112,70.07
138113,75.892
138114,83.8
138115,86.306
138116,34.886
138117,52.115
138118,37.63
138119,40.018
138120,33.784
138121,55.538
138122,23.499
138123,36.907
138124,19.931
138125,29.429
138126,25.016
138127,46.389
138128,18.243
138129,28.076
138130,20.084
138131,15.939
138132,18.313
138133,48.312
138134,14.88
138135,21.654
138136,19.669
138137,15.487
138138,15.179
138139,52.548
138140,13.334
138141,19.982
138142,15.508
138143,13.937
138144,12.435
138145,48.33
138146,14.28
138147,19.765
138148,18.184
138149,15.061
138150,12.433
138151,50.351
138152,15.22
138153,19.003
138154,18.602
138155,15.594
138156,14.828
138157,52.061
138158,15.508
138159,18.66
138160,19.0
138161,15.776
138162,14.755
138163,60.041
138164,19.634
138165,20.801
138166,20.229
138167,19.43
138168,17.777
138169,59.954
138170,22.989
138171,24.551
138172,23.099
138173,22.489
138174,21.544
138175,61.306
138176,29.458
138177,29.426
138178,27.616
138179,26.894
138180,27.309
138181,56.494
138182,26.796
138183,30.173
138184,28.095
138185,28.554
138186,27.202
138187,24.008
138188,17.773
138189,18.374
138190,18.512
138191,18.774
138192,15.496
138193,12.052
138194,11.616
138195,13.335
138196,14.05
138197,15.132
138198,12.005
138199,12.605
138200,12.102
138201,14.084
138202,14.891
138203,16.91
138204,11.959
138205,13.393
138206,16.133
138207,17.517
138208,19.52
138209,22.389
138210,16.318
138211,19.491
138212,23.054
138213,24.485
138214,26.597
138215,30.524
138216,23.467
138217,23.883
138218,28.06
138219,29.266
138220,30.328
138221,37.078
138222,28.632
138223,25.738
138224,29.891
138225,29.358
138226,29.389
138227,39.211
138228,30.09
138229,24.384
138230,28.254
138231,28.851
138232,26.716
138233,40.332
138234,28.792
138235,25.151
138236,29.648
138237,29.56
138238,24.6
138239,40.237
138240,30.431
138241,39.581
138242,35.185
138243,36.678
138244,28.517
138245,44.07
138246,35.637
138247,70.866
138248,58.652
138249,67.676
138250,61.144
138251,69.541
138252,64.382
138253,77.606
138254,56.074
138255,51.488
138256,35.613
138257,64.184
138258,56.285
138259,56.052
138260,29.619
138261,35.553
138262,16.986
138263,20.768
138264,32.074
138265,53.525
138266,23.584
138267,34.225
138268,19.276
138269,18.127
138270,24.118
138271,51.083
138272,16.284
138273,29.405
138274,19.069
138275,16.799
138276,17.53
138277,49.117
138278,14.597
138279,25.085
138280,20.825
138281,17.36
138282,13.352
138283,56.721
138284,13.055
138285,20.146
138286,19.728
138287,15.901
138288,12.764
138289,52.211
138290,15.575
138291,20.841
138292,19.668
138293,15.617
138294,14.219
138295,59.224
138296,16.218
138297,20.616
138298,19.717
138299,19.427
138300,15.022
138301,65.069
138302,17.934
138303,21.566
138304,20.178
138305,19.788
138306,17.337
138307,75.433
138308,19.288
138309,23.271
138310,21.603
138311,21.465
138312,19.286
138313,74.895
138314,24.578
138315,25.063
138316,23.475
138317,23.174
138318,22.844
138319,79.123
138320,31.064
138321,30.897
138322,28.665
138323,28.665
138324,29.468
138325,71.305
138326,30.959
138327,30.859
138328,28.398
138329,29.059
138330,30.873
138331,30.031
138332,20.082
138333,19.071
138334,19.219
138335,19.57
138336,20.251
138337,14.822
138338,14.252
138339,13.345
138340,14.267
138341,15.257
138342,14.532
138343,13.893
138344,14.111
138345,14.036
138346,14.858
138347,16.622
138348,14.489
138349,14.099
138350,16.962
138351,16.798
138352,18.823
138353,21.493
138354,17.079
138355,18.571
138356,21.068
138357,21.605
138358,24.263
138359,27.716
138360,21.483
138361,23.995
138362,28.219
138363,28.065
138364,29.993
138365,36.145
138366,28.248
138367,27.396
138368,27.358
138369,26.859
138370,29.879
138371,38.842
138372,28.412
138373,23.489
138374,27.031
138375,27.374
138376,27.644
138377,40.41
138378,27.694
138379,27.254
138380,26.138
138381,21.665
138382,24.794
138383,37.538
138384,25.938
138385,33.552
138386,29.969
138387,28.113
138388,27.777
138389,40.626
138390,27.239
138391,68.315
138392,51.565
138393,51.38
138394,27.389
138395,37.091
138396,51.348
138397,88.679
138398,47.452
138399,37.665
138400,40.944
138401,51.279
138402,50.286
138403,60.426
138404,28.677
138405,34.091
138406,20.904
138407,18.211
138408,31.298
138409,59.031
138410,22.87
138411,37.154
138412,27.363
138413,24.291
138414,22.655
138415,48.724
138416,15.505
138417,29.808
138418,23.438
138419,21.811
138420,16.066
138421,48.946
138422,12.769
138423,25.494
138424,22.499
138425,21.123
138426,11.151
138427,45.229
138428,11.487
138429,20.909
138430,20.068
138431,18.007
138432,12.802
138433,48.142
138434,12.088
138435,20.391
138436,18.779
138437,15.79
138438,11.701
138439,49.642
138440,12.238
138441,19.166
138442,18.01
138443,15.822
138444,11.795
138445,52.528
138446,11.639
138447,18.414
138448,17.411
138449,14.864
138450,11.811
138451,58.866
138452,13.36
138453,18.126
138454,17.223
138455,14.569
138456,14.099
138457,57.504
138458,15.931
138459,18.813
138460,17.901
138461,15.168
138462,16.066
138463,53.938
138464,19.278
138465,20.93
138466,20.003
138467,17.247
138468,19.596
138469,42.936
138470,20.712
138471,20.263
138472,20.143
138473,17.573
138474,20.122
138475,16.787
138476,15.1
138477,13.814
138478,14.691
138479,13.015
138480,14.504
138481,5.765
138482,11.477
138483,11.122
138484,12.457
138485,11.756
138486,10.415
138487,3.98
138488,9.805
138489,11.678
138490,12.881
138491,13.214
138492,9.743
138493,-1.217
138494,9.789
138495,12.761
138496,15.328
138497,16.227
138498,10.186
138499,-2.082
138500,12.666
138501,15.824
138502,19.495
138503,21.029
138504,13.395
138505,-1.427
138506,14.477
138507,18.086
138508,19.587
138509,25.638
138510,14.629
138511,-0.566
138512,11.846
138513,18.244
138514,18.231
138515,27.445
138516,14.076
138517,-0.754
138518,9.467
138519,17.609
138520,16.523
138521,29.7
138522,11.475
138523,-1.246
138524,8.054
138525,16.836
138526,15.51
138527,26.252
138528,9.091
138529,4.147
138530,10.651
138531,20.814
138532,14.156
138533,28.509
138534,11.946
138535,28.794
138536,29.567
138537,37.393
138538,15.862
138539,19.604
138540,25.165
138541,49.885
138542,37.341
138543,45.7
138544,20.509
138545,29.489
138546,36.303
138547,40.932
138548,25.842
138549,35.928
138550,16.866
138551,12.53
138552,25.446
138553,36.387
138554,16.871
138555,28.844
138556,18.165
138557,10.439
138558,18.615
138559,31.267
138560,11.111
138561,25.322
138562,17.811
138563,11.198
138564,13.242
138565,33.614
138566,9.005
138567,21.098
138568,19.046
138569,14.128
138570,9.126
138571,36.693
138572,5.526
138573,17.751
138574,13.409
138575,10.104
138576,5.443
138577,37.257
138578,4.595
138579,16.019
138580,16.752
138581,9.913
138582,4.851
138583,38.542
138584,4.361
138585,13.667
138586,15.578
138587,10.747
138588,4.578
138589,38.689
138590,5.37
138591,13.65
138592,14.707
138593,12.694
138594,4.179
138595,42.942
138596,6.15
138597,14.565
138598,15.232
138599,12.444
138600,5.226
138601,39.28
138602,8.064
138603,14.045
138604,15.4
138605,12.32
138606,7.815
138607,33.791
138608,10.454
138609,15.859
138610,17.297
138611,13.977
138612,10.259
138613,26.326
138614,9.659
138615,17.05
138616,17.992
138617,15.226
138618,9.736
138619,7.118
138620,4.429
138621,11.557
138622,13.759
138623,11.736
138624,3.842
138625,0.735
138626,-0.678
138627,11.58
138628,12.904
138629,12.526
138630,-1.391
138631,-2.36
138632,-4.218
138633,12.219
138634,13.086
138635,14.371
138636,-4.232
138637,-3.587
138638,-4.399
138639,14.854
138640,17.049
138641,18.59
138642,-4.042
138643,-0.285
138644,-3.161
138645,18.452
138646,22.953
138647,24.189
138648,-2.359
138649,5.929
138650,0.597
138651,21.253
138652,24.005
138653,30.348
138654,0.164
138655,10.558
138656,2.607
138657,21.689
138658,23.801
138659,31.172
138660,2.455
138661,13.622
138662,3.801
138663,22.184
138664,22.413
138665,34.381
138666,6.307
138667,14.836
138668,5.913
138669,21.326
138670,20.989
138671,32.682
138672,6.324
138673,26.857
138674,8.038
138675,30.981
138676,30.359
138677,39.6
138678,8.437
138679,55.345
138680,32.144
138681,58.772
138682,51.61
138683,62.116
138684,32.529
138685,62.294
138686,38.339
138687,64.96
138688,51.068
138689,60.713
138690,39.2
138691,43.788
138692,25.389
138693,36.533
138694,17.442
138695,24.575
138696,26.185
138697,40.374
138698,19.091
138699,33.211
138700,16.828
138701,15.593
138702,20.178
138703,35.462
138704,12.352
138705,27.74
138706,15.826
138707,10.842
138708,13.094
138709,38.345
138710,9.293
138711,22.803
138712,19.116
138713,9.579
138714,9.819
138715,40.17
138716,9.842
138717,21.55
138718,14.043
138719,15.147
138720,9.346
138721,41.607
138722,10.356
138723,20.705
138724,17.075
138725,13.184
138726,9.224
138727,44.187
138728,11.296
138729,20.437
138730,18.732
138731,14.121
138732,10.399
138733,46.372
138734,13.484
138735,20.728
138736,18.528
138737,16.472
138738,12.097
138739,53.466
138740,18.451
138741,22.825
138742,20.334
138743,18.091
138744,16.022
138745,55.503
138746,24.344
138747,26.292
138748,23.402
138749,20.857
138750,22.726
138751,54.967
138752,30.368
138753,32.061
138754,28.926
138755,25.908
138756,30.87
138757,45.543
138758,30.36
138759,32.04
138760,28.908
138761,27.181
138762,30.266
138763,20.293
138764,22.514
138765,22.749
138766,22.021
138767,21.815
138768,22.363
138769,8.802
138770,16.908
138771,16.271
138772,15.552
138773,16.757
138774,16.919
138775,9.409
138776,13.957
138777,16.486
138778,15.61
138779,18.083
138780,13.795
138781,7.868
138782,14.811
138783,18.369
138784,18.52
138785,21.974
138786,15.254
138787,14.067
138788,19.98
138789,22.569
138790,24.948
138791,29.279
138792,18.947
138793,20.788
138794,29.109
138795,30.204
138796,32.485
138797,38.464
138798,29.243
138799,25.18
138800,31.295
138801,31.506
138802,33.074
138803,40.867
138804,31.305
138805,26.899
138806,34.123
138807,33.689
138808,34.149
138809,47.012
138810,34.068
138811,30.823
138812,35.348
138813,34.705
138814,34.719
138815,47.921
138816,37.707
138817,44.995
138818,49.74
138819,47.22
138820,33.024
138821,58.137
138822,45.493
138823,82.473
138824,86.007
138825,70.558
138826,67.047
138827,85.646
138828,68.459
138829,83.05
138830,73.958
138831,54.963
138832,67.109
138833,72.689
138834,72.317
138835,60.863
138836,47.201
138837,49.197
138838,23.06
138839,23.993
138840,50.492
138841,51.068
138842,33.297
138843,41.669
138844,18.789
138845,17.568
138846,35.665
138847,48.613
138848,24.603
138849,35.43
138850,23.927
138851,15.615
138852,28.018
138853,53.828
138854,22.419
138855,31.174
138856,24.099
138857,19.85
138858,20.754
138859,50.015
138860,18.096
138861,24.542
138862,19.911
138863,17.467
138864,19.39
138865,54.006
138866,20.054
138867,23.515
138868,21.109
138869,18.801
138870,18.155
138871,56.874
138872,23.305
138873,24.514
138874,21.815
138875,18.717
138876,18.423
138877,60.665
138878,21.997
138879,24.54
138880,21.015
138881,20.636
138882,19.623
138883,68.261
138884,17.554
138885,25.692
138886,20.96
138887,21.348
138888,22.397
138889,69.812
138890,21.766
138891,27.522
138892,22.946
138893,22.43
138894,23.651
138895,67.617
138896,24.321
138897,31.621
138898,27.409
138899,25.874
138900,25.043
138901,57.222
138902,20.168
138903,30.623
138904,27.286
138905,26.358
138906,22.538
138907,27.967
138908,13.222
138909,22.081
138910,21.783
138911,21.38
138912,13.699
138913,17.423
138914,8.147
138915,16.665
138916,18.413
138917,18.018
138918,8.845
138919,16.152
138920,9.295
138921,16.543
138922,17.951
138923,17.652
138924,9.313
138925,16.302
138926,16.242
138927,20.799
138928,18.187
138929,23.242
138930,15.912
138931,16.44
138932,19.659
138933,24.881
138934,27.474
138935,29.442
138936,20.648
138937,20.544
138938,22.708
138939,28.545
138940,29.755
138941,34.903
138942,23.086
138943,19.945
138944,24.718
138945,28.818
138946,30.302
138947,36.877
138948,26.168
138949,18.53
138950,27.724
138951,23.65
138952,30.896
138953,42.516
138954,28.875
138955,14.671
138956,33.152
138957,23.511
138958,31.659
138959,44.856
138960,32.472
138961,38.762
138962,47.391
138963,45.962
138964,43.394
138965,55.344
138966,47.467
138967,71.113
138968,71.19
138969,64.938
138970,42.526
138971,70.296
138972,67.961
138973,77.803
138974,58.765
138975,57.045
138976,23.11
138977,31.035
138978,57.324
138979,70.589
138980,42.229
138981,47.054
138982,18.997
138983,25.564
138984,41.053
138985,59.14
138986,31.025
138987,39.748
138988,22.972
138989,23.319
138990,31.178
138991,54.714
138992,22.38
138993,34.773
138994,22.301
138995,23.888
138996,25.272
138997,53.839
138998,19.303
138999,31.26
139000,24.926
139001,24.451
139002,21.38
139003,64.096
139004,22.967
139005,30.724
139006,26.693
139007,26.997
139008,22.625
139009,66.359
139010,20.241
139011,27.552
139012,25.091
139013,25.376
139014,20.823
139015,71.4
139016,21.741
139017,27.416
139018,24.617
139019,25.55
139020,21.402
139021,74.256
139022,22.865
139023,27.444
139024,24.371
139025,24.722
139026,22.176
139027,75.87
139028,22.665
139029,26.569
139030,23.974
139031,24.189
139032,22.728
139033,69.742
139034,23.242
139035,27.345
139036,23.787
139037,25.038
139038,23.145
139039,63.465
139040,29.635
139041,30.594
139042,28.35
139043,28.655
139044,28.935
139045,52.053
139046,28.616
139047,29.395
139048,27.903
139049,28.078
139050,27.708
139051,23.458
139052,21.493
139053,21.056
139054,20.839
139055,21.747
139056,21.904
139057,13.56
139058,17.7
139059,17.015
139060,18.109
139061,19.012
139062,17.167
139063,13.377
139064,16.253
139065,15.519
139066,14.339
139067,18.969
139068,16.219
139069,13.687
139070,19.135
139071,17.636
139072,21.115
139073,23.198
139074,19.373
139075,18.626
139076,23.114
139077,21.5
139078,25.2
139079,24.377
139080,23.029
139081,20.183
139082,24.68
139083,24.554
139084,24.625
139085,29.136
139086,25.114
139087,24.448
139088,27.105
139089,24.718
139090,28.103
139091,34.967
139092,27.522
139093,25.933
139094,29.913
139095,27.965
139096,28.338
139097,39.561
139098,30.025
139099,30.376
139100,34.611
139101,30.206
139102,10.592
139103,37.036
139104,34.806
139105,46.515
139106,51.655
139107,46.596
139108,19.605
139109,31.034
139110,52.502
139111,84.879
139112,80.472
139113,73.599
139114,59.063
139115,52.133
139116,83.624
139117,80.813
139118,67.344
139119,61.426
139120,38.847
139121,51.722
139122,68.098
139123,66.02
139124,47.548
139125,47.624
139126,34.405
139127,38.251
139128,47.322
139129,59.322
139130,38.483
139131,40.404
139132,32.207
139133,31.77
139134,38.203
139135,51.785
139136,32.005
139137,34.353
139138,29.656
139139,28.718
139140,32.098
139141,53.992
139142,25.401
139143,29.838
139144,27.338
139145,27.749
139146,27.018
139147,57.579
139148,25.399
139149,28.447
139150,26.009
139151,26.074
139152,25.999
139153,60.956
139154,21.781
139155,25.895
139156,23.313
139157,23.886
139158,22.694
139159,63.949
139160,20.316
139161,25.018
139162,22.388
139163,22.998
139164,20.686
139165,65.357
139166,19.972
139167,24.536
139168,21.761
139169,21.98
139170,20.986
139171,73.027
139172,21.082
139173,24.27
139174,21.242
139175,21.682
139176,20.762
139177,69.022
139178,24.032
139179,24.814
139180,21.985
139181,22.162
139182,22.404
139183,70.634
139184,29.835
139185,28.875
139186,25.999
139187,26.592
139188,29.807
139189,59.112
139190,29.134
139191,27.067
139192,25.919
139193,26.815
139194,29.19
139195,26.057
139196,20.596
139197,16.645
139198,19.329
139199,20.026
139200,21.018
139201,13.526
139202,14.989
139203,11.822
139204,15.392
139205,15.754
139206,15.417
139207,12.005
139208,14.029
139209,12.463
139210,14.398
139211,17.035
139212,14.177
139213,10.778
139214,16.349
139215,13.984
139216,16.094
139217,20.337
139218,16.093
139219,14.387
139220,18.617
139221,17.228
139222,20.787
139223,25.437
139224,18.983
139225,15.801
139226,21.088
139227,18.116
139228,23.036
139229,28.508
139230,21.333
139231,17.126
139232,22.681
139233,18.019
139234,21.637
139235,30.315
139236,23.41
139237,15.803
139238,23.368
139239,18.655
139240,18.751
139241,32.774
139242,23.563
139243,17.595
139244,24.051
139245,18.421
139246,9.496
139247,32.117
139248,24.439
139249,31.759
139250,36.856
139251,27.164
139252,21.022
139253,39.419
139254,38.434
139255,65.962
139256,69.331
139257,55.367
139258,50.138
139259,64.17
139260,68.276
139261,76.399
139262,62.731
139263,58.003
139264,42.525
139265,50.991
139266,63.947
139267,63.595
139268,37.106
139269,44.169
139270,26.986
139271,24.744
139272,39.662
139273,56.605
139274,28.354
139275,35.765
139276,23.413
139277,20.123
139278,29.851
139279,53.686
139280,22.879
139281,31.523
139282,24.245
139283,19.176
139284,25.028
139285,56.813
139286,17.516
139287,27.765
139288,23.026
139289,19.982
139290,17.945
139291,63.045
139292,18.556
139293,25.358
139294,23.39
139295,23.549
139296,17.81
139297,57.974
139298,18.494
139299,24.294
139300,21.856
139301,21.532
139302,17.095
139303,61.218
139304,18.11
139305,23.384
139306,20.899
139307,21.129
139308,17.985
139309,59.491
139310,19.211
139311,22.866
139312,20.506
139313,20.357
139314,18.32
139315,62.008
139316,19.046
139317,22.493
139318,20.359
139319,20.032
139320,18.448
139321,60.595
139322,21.08
139323,23.982
139324,21.95
139325,21.447
139326,21.582
139327,56.302
139328,26.228
139329,26.839
139330,25.091
139331,24.448
139332,25.555
139333,48.52
139334,25.868
139335,25.808
139336,24.486
139337,25.206
139338,25.145
139339,22.055
139340,17.74
139341,15.785
139342,16.92
139343,18.129
139344,16.167
139345,12.669
139346,13.874
139347,12.326
139348,13.772
139349,15.136
139350,13.439
139351,10.206
139352,12.157
139353,12.806
139354,13.802
139355,16.235
139356,11.73
139357,9.636
139358,11.333
139359,14.292
139360,15.551
139361,19.076
139362,11.228
139363,13.665
139364,16.627
139365,17.888
139366,19.912
139367,24.312
139368,16.634
139369,14.521
139370,19.433
139371,21.186
139372,22.048
139373,28.218
139374,19.911
139375,17.06
139376,21.916
139377,22.525
139378,22.064
139379,30.716
139380,22.286
139381,17.822
139382,23.216
139383,23.662
139384,21.149
139385,34.672
139386,23.496
139387,19.584
139388,24.679
139389,23.455
139390,19.355
139391,33.802
139392,25.232
139393,35.175
139394,39.886
139395,37.711
139396,32.368
139397,24.41
139398,41.55
139399,92.675
139400,84.9
139401,85.303
139402,63.078
139403,56.275
139404,81.951
139405,88.907
139406,69.353
139407,70.174
139408,46.242
139409,60.616
139410,65.726
139411,65.112
139412,38.767
139413,49.401
139414,31.345
139415,36.669
139416,38.952
139417,67.301
139418,27.673
139419,36.242
139420,25.119
139421,25.126
139422,30.318
139423,56.042
139424,22.047
139425,31.927
139426,23.464
139427,22.232
139428,24.477
139429,63.184
139430,19.009
139431,27.232
139432,22.494
139433,18.725
139434,20.052
139435,69.015
139436,20.72
139437,29.559
139438,26.733
139439,25.393
139440,19.794
139441,58.989
139442,17.203
139443,25.547
139444,22.863
139445,21.519
139446,17.715
139447,61.389
139448,17.193
139449,23.951
139450,21.537
139451,20.45
139452,16.074
139453,65.548
139454,16.865
139455,22.829
139456,21.232
139457,18.813
139458,17.781
139459,68.98
139460,18.563
139461,22.624
139462,22.797
139463,18.405
139464,18.074
139465,63.613
139466,20.317
139467,22.759
139468,23.687
139469,18.905
139470,19.618
139471,59.295
139472,24.149
139473,24.959
139474,26.435
139475,21.104
139476,22.501
139477,49.389
139478,23.6
139479,25.009
139480,26.876
139481,22.184
139482,22.2
139483,21.243
139484,14.404
139485,15.235
139486,18.962
139487,14.872
139488,14.803
139489,11.014
139490,12.898
139491,11.261
139492,15.246
139493,12.661
139494,10.848
139495,10.073
139496,10.774
139497,12.578
139498,14.295
139499,14.433
139500,10.082
139501,2.721
139502,9.938
139503,12.865
139504,15.578
139505,16.747
139506,9.196
139507,3.557
139508,13.773
139509,16.004
139510,19.858
139511,21.819
139512,13.505
139513,4.512
139514,13.405
139515,17.933
139516,21.625
139517,26.258
139518,14.162
139519,3.924
139520,13.271
139521,18.151
139522,21.05
139523,28.569
139524,14.5
139525,2.329
139526,11.165
139527,18.912
139528,19.681
139529,30.17
139530,10.009
139531,2.246
139532,9.21
139533,18.497
139534,18.268
139535,28.972
139536,10.022
139537,14.478
139538,18.229
139539,29.321
139540,27.222
139541,35.391
139542,14.622
139543,48.322
139544,43.998
139545,61.566
139546,52.309
139547,60.074
139548,45.446
139549,54.717
139550,43.106
139551,57.08
139552,47.423
139553,53.465
139554,45.99
139555,43.332
139556,25.225
139557,32.393
139558,28.361
139559,28.603
139560,25.49
139561,41.824
139562,18.853
139563,25.652
139564,23.103
139565,16.863
139566,18.661
139567,34.043
139568,11.921
139569,20.873
139570,14.178
139571,10.83
139572,12.327
139573,35.497
139574,8.527
139575,16.002
139576,12.167
139577,9.69
139578,8.605
139579,33.903
139580,4.542
139581,11.553
139582,16.501
139583,7.213
139584,4.49
139585,34.665
139586,3.413
139587,10.42
139588,13.205
139589,2.602
139590,4.568
139591,35.717
139592,2.025
139593,8.611
139594,11.76
139595,4.661
139596,2.588
139597,36.531
139598,3.425
139599,7.659
139600,10.993
139601,5.619
139602,3.653
139603,40.793
139604,4.064
139605,8.323
139606,11.128
139607,5.915
139608,5.331
139609,37.898
139610,5.292
139611,9.894
139612,12.414
139613,6.771
139614,6.371
139615,33.416
139616,10.189
139617,13.348
139618,14.815
139619,9.557
139620,11.111
139621,24.765
139622,10.114
139623,14.265
139624,15.158
139625,10.706
139626,12.255
139627,7.502
139628,9.43
139629,11.2
139630,11.386
139631,6.948
139632,9.555
139633,2.731
139634,6.545
139635,10.006
139636,10.572
139637,8.545
139638,5.098
139639,-1.515
139640,0.051
139641,10.48
139642,10.53
139643,9.425
139644,-0.494
139645,-1.72
139646,-1.74
139647,10.327
139648,12.738
139649,11.786
139650,-2.626
139651,3.317
139652,0.506
139653,13.028
139654,16.49
139655,18.545
139656,0.389
139657,6.706
139658,4.27
139659,15.944
139660,19.41
139661,23.009
139662,4.908
139663,11.69
139664,8.38
139665,17.05
139666,19.173
139667,25.692
139668,7.559
139669,14.548
139670,8.69
139671,17.652
139672,18.33
139673,29.554
139674,8.066
139675,8.658
139676,12.667
139677,17.025
139678,17.252
139679,29.364
139680,11.197
139681,32.058
139682,26.535
139683,26.83
139684,28.056
139685,35.868
139686,22.053
139687,74.887
139688,59.675
139689,49.774
139690,57.245
139691,59.803
139692,51.597
139693,78.98
139694,56.359
139695,37.881
139696,42.156
139697,44.662
139698,42.403
139699,71.107
139700,45.478
139701,28.698
139702,28.329
139703,29.826
139704,37.467
139705,65.589
139706,27.592
139707,25.891
139708,23.62
139709,19.768
139710,27.655
139711,40.807
139712,24.562
139713,21.155
139714,20.13
139715,10.408
139716,28.028
139717,43.256
139718,23.204
139719,17.053
139720,13.03
139721,9.044
139722,24.029
139723,43.34
139724,9.874
139725,15.674
139726,13.023
139727,10.664
139728,9.496
139729,42.29
139730,8.201
139731,16.235
139732,13.869
139733,9.267
139734,10.348
139735,47.074
139736,8.636
139737,17.716
139738,15.822
139739,12.544
139740,10.495
139741,52.943
139742,7.703
139743,16.586
139744,16.5
139745,12.473
139746,13.214
139747,55.264
139748,12.321
139749,19.067
139750,17.509
139751,12.291
139752,12.413
139753,53.163
139754,18.638
139755,23.804
139756,21.441
139757,17.018
139758,19.658
139759,54.458
139760,29.276
139761,31.001
139762,29.167
139763,26.401
139764,30.075
139765,48.317
139766,32.199
139767,33.221
139768,30.598
139769,27.95
139770,33.749
139771,24.528
139772,21.816
139773,23.659
139774,22.363
139775,21.693
139776,22.892
139777,13.7
139778,18.452
139779,16.999
139780,16.395
139781,17.075
139782,19.097
139783,9.758
139784,17.379
139785,18.344
139786,15.688
139787,16.268
139788,19.636
139789,12.157
139790,20.448
139791,18.801
139792,17.009
139793,18.089
139794,22.035
139795,15.685
139796,25.007
139797,23.831
139798,22.317
139799,26.105
139800,25.338
139801,19.789
139802,25.472
139803,26.128
139804,24.641
139805,30.973
139806,26.738
139807,22.199
139808,26.909
139809,26.024
139810,24.016
139811,32.341
139812,27.504
139813,21.353
139814,25.43
139815,26.469
139816,21.13
139817,32.222
139818,26.63
139819,20.819
139820,25.85
139821,25.001
139822,20.887
139823,31.974
139824,26.989
139825,30.306
139826,38.977
139827,19.069
139828,27.073
139829,41.2
139830,39.07
139831,55.49
139832,66.29
139833,50.546
139834,56.732
139835,59.367
139836,69.84
139837,56.95
139838,55.563
139839,43.549
139840,32.179
139841,51.219
139842,61.771
139843,47.255
139844,40.147
139845,37.067
139846,29.036
139847,20.579
139848,40.004
139849,43.303
139850,31.322
139851,32.779
139852,24.35
139853,17.889
139854,28.81
139855,36.429
139856,24.708
139857,25.089
139858,23.869
139859,12.198
139860,24.563
139861,38.206
139862,23.293
139863,21.632
139864,18.671
139865,15.16
139866,21.082
139867,42.756
139868,19.147
139869,17.736
139870,17.741
139871,11.957
139872,13.511
139873,41.873
139874,14.615
139875,18.5
139876,19.182
139877,15.468
139878,13.431
139879,44.265
139880,15.262
139881,18.941
139882,19.129
139883,16.648
139884,14.06
139885,45.3
139886,16.7
139887,18.892
139888,18.546
139889,17.082
139890,13.228
139891,50.851
139892,17.208
139893,19.773
139894,18.99
139895,17.842
139896,14.85
139897,49.729
139898,22.656
139899,22.402
139900,21.425
139901,20.155
139902,19.131
139903,48.733
139904,29.43
139905,28.346
139906,27.446
139907,26.319
139908,25.715
139909,41.105
139910,28.154
139911,26.984
139912,26.623
139913,25.727
139914,25.032
139915,19.169
139916,19.293
139917,17.103
139918,18.614
139919,18.84
139920,16.843
139921,7.223
139922,14.062
139923,12.211
139924,14.357
139925,15.919
139926,12.139
139927,2.679
139928,11.845
139929,11.88
139930,14.49
139931,16.695
139932,11.823
139933,-0.981
139934,12.896
139935,13.323
139936,17.181
139937,19.677
139938,13.405
139939,-0.041
139940,14.865
139941,18.283
139942,21.929
139943,25.479
139944,15.237
139945,2.897
139946,15.525
139947,20.845
139948,23.801
139949,29.971
139950,15.639
139951,4.308
139952,17.615
139953,22.143
139954,24.146
139955,32.03
139956,18.007
139957,5.461
139958,19.751
139959,24.181
139960,24.227
139961,35.698
139962,19.32
139963,6.095
139964,19.08
139965,23.225
139966,22.367
139967,34.133
139968,20.1
139969,18.377
139970,29.216
139971,35.413
139972,32.319
139973,42.443
139974,32.691
139975,54.72
139976,65.343
139977,67.887
139978,56.682
139979,57.424
139980,64.071
139981,63.546
139982,58.588
139983,54.387
139984,47.543
139985,37.273
139986,57.173
139987,52.479
139988,41.936
139989,40.052
139990,29.895
139991,25.196
139992,38.774
139993,48.054
139994,25.111
139995,35.433
139996,24.488
139997,21.592
139998,28.899
139999,43.491
140000,17.904
140001,28.21
140002,21.513
140003,17.643
140004,18.716
140005,47.002
140006,14.587
140007,25.797
140008,17.461
140009,17.451
140010,14.25
140011,50.138
140012,15.147
140013,22.935
140014,17.605
140015,13.607
140016,17.39
140017,55.929
140018,15.549
140019,22.057
140020,19.166
140021,16.456
140022,15.588
140023,58.387
140024,15.932
140025,22.284
140026,19.415
140027,17.49
140028,16.542
140029,61.812
140030,17.79
140031,21.857
140032,19.158
140033,16.888
140034,17.979
140035,64.799
140036,19.897
140037,23.127
140038,20.249
140039,19.664
140040,19.869
140041,67.775
140042,24.052
140043,25.616
140044,22.784
140045,22.191
140046,23.616
140047,68.423
140048,30.752
140049,30.846
140050,27.734
140051,26.644
140052,29.886
140053,60.565
140054,30.777
140055,30.681
140056,27.345
140057,27.695
140058,30.453
140059,21.672
140060,20.53
140061,19.606
140062,19.089
140063,19.387
140064,20.669
140065,10.427
140066,14.773
140067,13.161
140068,14.098
140069,14.955
140070,15.103
140071,7.358
140072,14.123
140073,13.452
140074,14.899
140075,17.113
140076,13.85
140077,2.492
140078,14.135
140079,15.035
140080,17.76
140081,20.684
140082,14.379
140083,4.863
140084,16.872
140085,18.953
140086,21.719
140087,24.819
140088,16.766
140089,9.021
140090,17.666
140091,20.95
140092,23.084
140093,29.281
140094,18.205
140095,11.137
140096,18.769
140097,22.482
140098,23.905
140099,32.298
140100,20.139
140101,10.178
140102,18.612
140103,23.365
140104,22.581
140105,35.102
140106,19.863
140107,9.15
140108,16.632
140109,20.782
140110,19.745
140111,31.922
140112,17.648
140113,21.666
140114,30.784
140115,35.472
140116,32.103
140117,42.403
140118,30.932
140119,57.885
140120,61.731
140121,68.679
140122,60.81
140123,68.225
140124,61.92
140125,59.494
140126,45.66
140127,54.669
140128,42.912
140129,50.675
140130,49.195
140131,51.584
140132,27.52
140133,34.933
140134,25.476
140135,31.137
140136,34.97
140137,44.048
140138,19.355
140139,27.14
140140,14.08
140141,13.927
140142,20.531
140143,40.64
140144,13.347
140145,23.352
140146,14.791
140147,10.964
140148,14.56
140149,43.44
140150,9.251
140151,19.665
140152,14.356
140153,10.49
140154,10.361
140155,47.082
140156,10.361
140157,18.516
140158,13.722
140159,9.566
140160,9.631
140161,50.006
140162,10.254
140163,18.567
140164,14.524
140165,8.937
140166,9.839
140167,51.378
140168,9.8
140169,17.493
140170,15.741
140171,10.8
140172,9.672
140173,52.461
140174,11.797
140175,16.701
140176,15.537
140177,11.931
140178,10.432
140179,54.107
140180,14.763
140181,16.964
140182,15.846
140183,14.396
140184,12.748
140185,53.888
140186,19.397
140187,19.473
140188,18.372
140189,17.313
140190,16.878
140191,47.665
140192,24.676
140193,24.118
140194,21.985
140195,21.195
140196,22.094
140197,39.196
140198,22.874
140199,23.565
140200,21.944
140201,20.943
140202,21.466
140203,13.444
140204,15.974
140205,16.401
140206,15.792
140207,16.156
140208,14.089
140209,2.736
140210,12.033
140211,11.161
140212,11.88
140213,12.135
140214,9.41
140215,-0.826
140216,9.547
140217,12.329
140218,12.261
140219,13.795
140220,9.409
140221,-5.718
140222,8.744
140223,12.339
140224,13.452
140225,16.067
140226,8.371
140227,-5.673
140228,8.575
140229,14.052
140230,16.855
140231,19.599
140232,7.483
140233,-1.758
140234,10.213
140235,17.899
140236,20.02
140237,25.421
140238,10.825
140239,-0.051
140240,9.774
140241,17.462
140242,19.318
140243,28.366
140244,11.58
140245,1.35
140246,9.998
140247,17.817
140248,17.31
140249,31.767
140250,12.012
140251,3.917
140252,12.478
140253,18.765
140254,17.208
140255,30.707
140256,12.841
140257,14.138
140258,15.897
140259,29.864
140260,24.47
140261,38.128
140262,15.835
140263,36.739
140264,36.952
140265,39.575
140266,37.39
140267,49.602
140268,35.763
140269,42.179
140270,32.735
140271,31.568
140272,30.386
140273,39.466
140274,29.066
140275,35.439
140276,19.604
140277,28.092
140278,20.007
140279,28.197
140280,23.002
140281,34.852
140282,16.263
140283,25.098
140284,12.266
140285,12.816
140286,13.937
140287,29.93
140288,9.962
140289,20.612
140290,11.268
140291,9.253
140292,8.847
140293,33.621
140294,5.803
140295,19.798
140296,10.001
140297,8.052
140298,4.739
140299,35.5
140300,7.101
140301,14.129
140302,8.56
140303,7.116
140304,4.963
140305,36.084
140306,7.586
140307,14.066
140308,11.218
140309,10.884
140310,5.149
140311,41.551
140312,9.8
140313,18.843
140314,15.834
140315,13.661
140316,7.741
140317,42.018
140318,9.195
140319,17.636
140320,15.274
140321,12.766
140322,8.622
140323,47.4
140324,11.808
140325,18.719
140326,16.41
140327,14.158
140328,9.511
140329,47.096
140330,16.255
140331,20.885
140332,18.942
140333,17.321
140334,13.605
140335,47.799
140336,21.196
140337,25.406
140338,23.188
140339,21.927
140340,20.585
140341,41.509
140342,23.087
140343,26.378
140344,24.056
140345,22.959
140346,22.029
140347,19.772
140348,15.149
140349,19.25
140350,18.05
140351,17.854
140352,14.518
140353,12.245
140354,11.32
140355,14.501
140356,14.358
140357,14.876
140358,8.153
140359,12.875
140360,4.972
140361,14.709
140362,13.558
140363,15.266
140364,3.723
140365,13.3
140366,6.569
140367,16.625
140368,16.303
140369,18.573
140370,6.458
140371,17.699
140372,14.955
140373,20.812
140374,21.616
140375,24.639
140376,13.972
140377,22.409
140378,19.874
140379,25.646
140380,26.506
140381,32.108
140382,20.058
140383,25.485
140384,22.111
140385,26.476
140386,27.791
140387,35.649
140388,22.857
140389,25.939
140390,21.943
140391,27.35
140392,26.681
140393,38.566
140394,22.735
140395,25.146
140396,21.138
140397,23.724
140398,23.459
140399,35.37
140400,19.83
140401,43.24
140402,32.151
140403,33.75
140404,34.092
140405,44.125
140406,31.489
140407,82.836
140408,60.128
140409,54.402
140410,61.294
140411,68.311
140412,59.535
140413,70.228
140414,44.181
140415,45.754
140416,41.645
140417,46.143
140418,45.924
140419,55.678
140420,31.868
140421,34.375
140422,31.055
140423,31.215
140424,31.368
140425,40.723
140426,20.268
140427,28.44
140428,16.714
140429,21.938
140430,19.028
140431,35.886
140432,13.829
140433,22.84
140434,8.478
140435,8.486
140436,13.035
140437,38.534
140438,9.664
140439,18.912
140440,8.851
140441,7.575
140442,9.044
140443,47.065
140444,10.176
140445,22.239
140446,14.861
140447,10.504
140448,10.674
140449,44.193
140450,11.276
140451,19.498
140452,17.281
140453,9.58
140454,12.07
140455,45.802
140456,11.358
140457,19.702
140458,17.141
140459,10.275
140460,11.232
140461,46.773
140462,9.632
140463,18.542
140464,15.988
140465,9.47
140466,8.944
140467,51.26
140468,8.439
140469,18.271
140470,15.704
140471,9.998
140472,8.44
140473,54.053
140474,9.787
140475,18.504
140476,16.875
140477,11.329
140478,10.89
140479,47.459
140480,14.286
140481,20.516
140482,18.729
140483,14.431
140484,13.522
140485,48.961
140486,16.297
140487,20.532
140488,19.854
140489,17.287
140490,14.648
140491,30.017
140492,8.896
140493,17.206
140494,17.333
140495,16.411
140496,9.494
140497,20.137
140498,7.664
140499,15.187
140500,15.465
140501,15.604
140502,7.667
140503,18.289
140504,16.757
140505,12.131
140506,14.22
140507,15.493
140508,17.694
140509,11.36
140510,9.141
140511,13.713
140512,15.636
140513,17.041
140514,10.778
140515,1.565
140516,14.124
140517,14.909
140518,17.929
140519,20.02
140520,14.362
140521,-3.069
140522,13.166
140523,16.619
140524,18.687
140525,25.231
140526,13.95
140527,-1.598
140528,16.556
140529,18.017
140530,20.815
140531,29.495
140532,15.448
140533,-0.3
140534,16.792
140535,20.033
140536,20.693
140537,32.454
140538,17.859
140539,5.158
140540,19.748
140541,20.134
140542,20.019
140543,31.859
140544,20.717
140545,23.008
140546,30.807
140547,31.198
140548,27.62
140549,37.895
140550,32.06
140551,89.23
140552,52.012
140553,67.191
140554,59.148
140555,67.905
140556,61.518
140557,119.372
140558,62.801
140559,66.943
140560,54.012
140561,61.161
140562,52.392
140563,102.823
140564,37.38
140565,47.512
140566,36.63
140567,40.182
140568,39.867
140569,95.077
140570,25.098
140571,35.234
140572,29.637
140573,28.361
140574,26.429
140575,72.509
140576,21.942
140577,25.603
140578,20.018
140579,23.539
140580,21.435
140581,63.33
140582,8.84
140583,21.362
140584,22.191
140585,13.638
140586,20.879
140587,53.454
140588,6.225
140589,16.873
140590,17.174
140591,12.561
140592,7.047
140593,43.833
140594,6.866
140595,15.926
140596,18.4
140597,15.691
140598,6.683
140599,45.751
140600,5.747
140601,15.546
140602,18.066
140603,15.725
140604,6.336
140605,45.752
140606,9.538
140607,17.225
140608,18.049
140609,15.617
140610,8.861
140611,49.742
140612,13.585
140613,19.233
140614,18.662
140615,16.284
140616,11.642
140617,49.531
140618,17.533
140619,19.875
140620,20.247
140621,18.048
140622,16.227
140623,50.425
140624,26.383
140625,18.169
140626,24.475
140627,22.296
140628,25.467
140629,47.241
140630,28.303
140631,16.154
140632,26.154
140633,24.495
140634,27.705
140635,17.887
140636,19.218
140637,6.9
140638,18.493
140639,17.554
140640,19.479
140641,4.022
140642,12.623
140643,1.669
140644,14.18
140645,12.702
140646,13.208
140647,1.973
140648,11.57
140649,-2.727
140650,12.022
140651,8.238
140652,11.943
140653,8.677
140654,13.472
140655,-2.382
140656,8.944
140657,6.643
140658,13.883
140659,12.128
140660,14.689
140661,-1.375
140662,9.152
140663,11.13
140664,15.257
140665,12.994
140666,14.542
140667,-0.113
140668,10.765
140669,20.399
140670,15.005
140671,12.509
140672,13.397
140673,1.095
140674,16.636
140675,23.79
140676,14.048
140677,11.591
140678,11.37
140679,5.0
140680,15.997
140681,28.186
140682,11.879
140683,11.309
140684,9.009
140685,5.886
140686,14.501
140687,26.174
140688,10.338
140689,26.689
140690,19.768
140691,18.609
140692,22.656
140693,31.081
140694,19.935
140695,77.475
140696,55.4
140697,55.776
140698,47.427
140699,54.379
140700,56.542
140701,87.881
140702,54.325
140703,45.293
140704,29.181
140705,41.845
140706,54.488
140707,62.388
140708,33.903
140709,28.766
140710,9.611
140711,14.513
140712,33.321
140713,47.405
140714,18.917
140715,21.996
140716,9.281
140717,5.338
140718,17.931
140719,34.028
140720,9.261
140721,15.635
140722,10.328
140723,4.192
140724,10.663
140725,31.812
140726,5.199
140727,10.75
140728,10.808
140729,2.713
140730,4.035
140731,34.061
140732,1.139
140733,18.747
140734,9.198
140735,7.516
140736,0.956
140737,33.989
140738,-0.198
140739,15.08
140740,12.153
140741,9.851
140742,0.408
140743,34.131
140744,-1.393
140745,14.025
140746,11.807
140747,12.282
140748,0.152
140749,34.793
140750,-1.698
140751,12.776
140752,11.1
140753,11.028
140754,-1.142
140755,38.86
140756,-1.607
140757,12.783
140758,11.682
140759,11.325
140760,-1.363
140761,36.064
140762,0.521
140763,13.351
140764,13.296
140765,12.034
140766,1.074
140767,32.698
140768,4.153
140769,16.245
140770,16.383
140771,15.755
140772,4.871
140773,23.791
140774,2.397
140775,17.056
140776,16.254
140777,15.605
140778,3.359
140779,5.371
140780,-1.822
140781,12.574
140782,13.646
140783,12.733
140784,-1.365
140785,-0.696
140786,-4.226
140787,13.348
140788,13.275
140789,12.476
140790,-4.122
140791,-0.546
140792,-6.896
140793,11.639
140794,11.688
140795,13.187
140796,-6.613
140797,-1.213
140798,-6.925
140799,11.772
140800,12.825
140801,15.086
140802,-6.593
140803,7.278
140804,-5.493
140805,12.387
140806,16.209
140807,19.094
140808,-5.7
140809,7.648
140810,-4.174
140811,15.493
140812,17.102
140813,23.693
140814,-4.899
140815,9.665
140816,-3.872
140817,14.163
140818,17.897
140819,26.284
140820,-4.31
140821,8.383
140822,2.28
140823,15.624
140824,16.904
140825,29.759
140826,-2.832
140827,7.724
140828,7.71
140829,14.828
140830,17.055
140831,30.013
140832,3.065
140833,20.874
140834,28.977
140835,22.402
140836,26.578
140837,36.867
140838,15.52
140839,83.013
140840,42.065
140841,41.238
140842,53.749
140843,58.022
140844,74.177
140845,112.624
140846,48.903
140847,46.589
140848,55.521
140849,55.888
140850,50.934
140851,92.757
140852,27.77
140853,33.443
140854,30.73
140855,31.187
140856,29.734
140857,82.39
140858,16.656
140859,26.414
140860,22.489
140861,19.562
140862,17.115
140863,47.765
140864,11.292
140865,18.765
140866,17.94
140867,15.35
140868,12.276
140869,43.242
140870,7.502
140871,12.374
140872,12.188
140873,11.353
140874,7.987
140875,49.074
140876,7.378
140877,11.076
140878,8.916
140879,7.151
140880,6.313
140881,50.835
140882,6.037
140883,10.931
140884,11.017
140885,5.702
140886,5.895
140887,74.151
140888,9.638
140889,11.813
140890,8.989
140891,5.149
140892,8.517
140893,42.286
140894,10.903
140895,12.741
140896,10.104
140897,8.85
140898,9.604
140899,45.747
140900,14.758
140901,13.216
140902,14.38
140903,8.489
140904,10.669
140905,45.857
140906,20.839
140907,18.149
140908,16.874
140909,9.755
140910,18.274
140911,43.502
140912,23.74
140913,22.358
140914,19.205
140915,14.004
140916,24.055
140917,37.745
140918,27.046
140919,23.316
140920,21.064
140921,20.665
140922,26.163
140923,15.663
140924,16.68
140925,17.665
140926,18.596
140927,17.37
140928,17.014
140929,6.381
140930,11.436
140931,14.598
140932,13.351
140933,14.724
140934,11.836
140935,1.925
140936,12.023
140937,14.751
140938,12.271
140939,16.157
140940,12.325
140941,-0.491
140942,13.531
140943,16.82
140944,15.512
140945,20.431
140946,13.1
140947,2.256
140948,14.123
140949,21.241
140950,21.028
140951,25.678
140952,13.82
140953,5.357
140954,15.951
140955,23.287
140956,22.39
140957,31.732
140958,13.73
140959,10.886
140960,20.298
140961,23.894
140962,25.505
140963,35.127
140964,19.326
140965,16.282
140966,24.018
140967,25.876
140968,25.529
140969,38.821
140970,23.753
140971,24.668
140972,29.825
140973,27.678
140974,27.681
140975,38.604
140976,30.081
140977,56.798
140978,61.372
140979,37.886
140980,43.991
140981,54.986
140982,61.298
140983,134.731
140984,132.847
140985,85.933
140986,100.169
140987,104.937
140988,131.92
140989,128.125
140990,108.047
140991,61.449
140992,73.107
140993,74.032
140994,108.804
140995,98.402
140996,75.087
140997,42.835
140998,26.228
140999,42.35
141000,76.354
141001,84.346
141002,56.721
141003,32.104
141004,22.95
141005,23.777
141006,57.558
141007,70.917
141008,44.966
141009,26.105
141010,22.345
141011,20.654
141012,45.408
141013,78.853
141014,35.557
141015,21.414
141016,23.181
141017,18.707
141018,35.633
141019,65.607
141020,33.318
141021,19.713
141022,21.964
141023,19.227
141024,34.128
141025,64.404
141026,24.492
141027,15.43
141028,19.425
141029,18.177
141030,26.45
141031,64.132
141032,23.298
141033,15.307
141034,19.257
141035,16.599
141036,22.996
141037,65.244
141038,20.38
141039,13.001
141040,18.88
141041,16.422
141042,20.326
141043,67.879
141044,19.821
141045,13.019
141046,18.881
141047,17.947
141048,19.81
141049,63.602
141050,21.185
141051,14.681
141052,19.577
141053,18.653
141054,21.39
141055,58.482
141056,24.497
141057,17.731
141058,22.743
141059,21.535
141060,23.447
141061,46.791
141062,23.052
141063,16.545
141064,21.053
141065,20.352
141066,22.976
141067,16.038
141068,14.631
141069,12.184
141070,15.506
141071,15.73
141072,14.284
141073,5.529
141074,7.798
141075,7.803
141076,12.649
141077,13.818
141078,6.84
141079,4.374
141080,6.683
141081,9.1
141082,13.111
141083,14.86
141084,4.466
141085,-2.13
141086,3.047
141087,6.911
141088,13.951
141089,16.634
141090,3.407
141091,-0.722
141092,3.183
141093,10.151
141094,17.19
141095,20.761
141096,3.71
141097,1.477
141098,5.669
141099,13.59
141100,19.063
141101,24.547
141102,6.46
141103,7.69
141104,8.379
141105,13.349
141106,17.846
141107,26.514
141108,9.558
141109,11.663
141110,11.523
141111,16.211
141112,18.142
141113,30.298
141114,11.722
141115,15.128
141116,14.939
141117,14.854
141118,17.609
141119,28.608
141120,14.419
141121,37.585
141122,38.03
141123,34.728
141124,34.0
141125,42.971
141126,38.696
141127,78.414
141128,76.213
141129,61.136
141130,60.9
141131,70.255
141132,77.552
141133,62.799
141134,49.292
141135,39.964
141136,37.829
141137,44.688
141138,51.965
141139,44.752
141140,30.93
141141,37.822
141142,19.418
141143,15.77
141144,34.58
141145,37.729
141146,17.564
141147,29.748
141148,15.173
141149,12.057
141150,15.557
141151,32.088
141152,10.101
141153,20.281
141154,13.74
141155,8.081
141156,10.462
141157,35.338
141158,9.241
141159,17.854
141160,11.342
141161,9.715
141162,8.117
141163,42.277
141164,11.25
141165,18.261
141166,13.758
141167,12.237
141168,11.483
141169,45.289
141170,10.366
141171,17.751
141172,15.301
141173,11.382
141174,10.095
141175,45.71
141176,11.377
141177,17.789
141178,15.707
141179,14.393
141180,9.825
141181,44.528
141182,14.576
141183,17.43
141184,15.575
141185,11.986
141186,10.511
141187,50.25
141188,18.79
141189,17.455
141190,16.568
141191,13.211
141192,15.586
141193,49.276
141194,22.136
141195,20.155
141196,18.336
141197,16.231
141198,21.051
141199,47.767
141200,27.131
141201,25.103
141202,22.466
141203,20.657
141204,25.487
141205,44.028
141206,27.973
141207,27.509
141208,23.804
141209,23.839
141210,27.336
141211,22.688
141212,19.928
141213,20.867
141214,18.161
141215,18.821
141216,18.367
141217,13.182
141218,16.208
141219,17.791
141220,16.111
141221,16.497
141222,14.388
141223,8.418
141224,14.838
141225,15.76
141226,14.745
141227,16.184
141228,15.216
141229,3.58
141230,13.915
141231,14.996
141232,16.123
141233,18.248
141234,13.417
141235,2.619
141236,14.982
141237,17.321
141238,19.127
141239,22.704
141240,12.991
141241,0.161
141242,14.678
141243,17.193
141244,18.354
141245,24.981
141246,12.884
141247,1.296
141248,15.174
141249,18.759
141250,18.92
141251,27.559
141252,14.889
141253,1.145
141254,16.96
141255,21.361
141256,18.908
141257,31.496
141258,16.641
141259,5.302
141260,19.069
141261,22.676
141262,21.612
141263,34.112
141264,22.391
141265,17.886
141266,40.237
141267,35.153
141268,34.717
141269,44.75
141270,39.766
141271,36.915
141272,54.803
141273,45.801
141274,41.666
141275,50.951
141276,55.45
141277,38.408
141278,47.932
141279,32.295
141280,14.969
141281,32.288
141282,46.58
141283,36.366
141284,38.403
141285,32.21
141286,11.406
141287,18.911
141288,32.541
141289,36.681
141290,22.11
141291,29.485
141292,15.819
141293,11.041
141294,22.069
141295,33.548
141296,19.935
141297,23.539
141298,11.302
141299,9.682
141300,14.967
141301,37.443
141302,17.586
141303,20.226
141304,12.942
141305,10.791
141306,13.933
141307,41.676
141308,8.996
141309,17.815
141310,14.812
141311,11.074
141312,9.678
141313,43.609
141314,10.513
141315,17.773
141316,12.046
141317,9.466
141318,9.691
141319,51.58
141320,10.144
141321,15.562
141322,14.789
141323,11.57
141324,8.783
141325,54.039
141326,18.188
141327,14.567
141328,14.645
141329,11.551
141330,9.811
141331,50.254
141332,6.584
141333,15.004
141334,13.978
141335,12.057
141336,16.909
141337,42.998
141338,7.11
141339,15.312
141340,15.133
141341,11.438
141342,7.774
141343,38.497
141344,9.756
141345,18.467
141346,19.155
141347,14.815
141348,10.94
141349,30.933
141350,21.536
141351,17.46
141352,17.875
141353,14.893
141354,13.038
141355,15.903
141356,19.799
141357,15.772
141358,13.961
141359,13.471
141360,8.913
141361,11.161
141362,18.065
141363,16.117
141364,12.882
141365,13.445
141366,19.426
141367,9.769
141368,15.516
141369,14.732
141370,9.745
141371,10.318
141372,16.22
141373,2.482
141374,14.088
141375,13.34
141376,7.9
141377,10.666
141378,14.913
141379,1.337
141380,12.08
141381,14.822
141382,11.104
141383,15.784
141384,9.749
141385,2.127
141386,10.045
141387,17.105
141388,13.637
141389,19.835
141390,11.738
141391,3.184
141392,13.765
141393,19.063
141394,12.751
141395,24.492
141396,13.832
141397,2.906
141398,17.411
141399,16.923
141400,14.353
141401,28.903
141402,20.143
141403,9.277
141404,21.868
141405,12.86
141406,17.497
141407,30.722
141408,26.868
141409,42.041
141410,31.401
141411,17.622
141412,20.597
141413,31.543
141414,25.984
141415,44.97
141416,31.862
141417,30.976
141418,30.886
141419,39.507
141420,49.638
141421,55.349
141422,32.484
141423,29.114
141424,23.536
141425,31.406
141426,28.439
141427,43.599
141428,23.903
141429,27.294
141430,16.191
141431,20.117
141432,25.857
141433,69.807
141434,18.511
141435,27.393
141436,11.547
141437,15.806
141438,19.025
141439,60.947
141440,28.517
141441,27.022
141442,11.216
141443,11.083
141444,24.189
141445,64.441
141446,23.144
141447,22.617
141448,10.16
141449,11.122
141450,27.068
141451,68.506
141452,17.587
141453,21.976
141454,12.73
141455,9.939
141456,22.457
141457,66.014
141458,23.324
141459,24.554
141460,12.424
141461,10.317
141462,27.832
141463,61.053
141464,19.258
141465,23.247
141466,12.684
141467,9.305
141468,23.625
141469,59.737
141470,23.765
141471,24.428
141472,9.903
141473,8.708
141474,24.788
141475,72.648
141476,25.338
141477,15.714
141478,12.564
141479,10.823
141480,26.182
141481,82.522
141482,27.2
141483,18.944
141484,14.478
141485,10.754
141486,27.865
141487,80.545
141488,28.597
141489,25.343
141490,17.328
141491,13.526
141492,30.883
141493,69.133
141494,27.073
141495,28.053
141496,17.458
141497,27.475
141498,28.71
141499,38.95
141500,20.407
141501,30.094
141502,25.942
141503,19.74
141504,22.474
141505,24.066
141506,21.64
141507,16.209
141508,17.133
141509,13.705
141510,18.537
141511,15.878
141512,17.053
141513,12.11
141514,4.328
141515,10.5
141516,17.318
141517,13.623
141518,7.783
141519,9.822
141520,2.908
141521,13.194
141522,13.647
141523,13.455
141524,6.903
141525,8.805
141526,9.423
141527,19.433
141528,14.832
141529,13.023
141530,13.074
141531,11.645
141532,15.58
141533,27.095
141534,14.497
141535,19.762
141536,20.468
141537,12.276
141538,21.987
141539,33.691
141540,21.233
141541,20.927
141542,23.677
141543,17.93
141544,25.479
141545,38.598
141546,23.71
141547,23.911
141548,25.779
141549,19.565
141550,26.9
141551,39.402
141552,26.668
141553,39.084
141554,41.95
141555,32.274
141556,42.94
141557,53.063
141558,43.132
141559,86.743
141560,80.084
141561,69.141
141562,78.508
141563,85.489
141564,83.826
141565,102.608
141566,59.655
141567,61.169
141568,56.039
141569,63.794
141570,66.733
141571,100.843
141572,51.128
141573,54.275
141574,47.157
141575,51.014
141576,56.313
141577,103.555
141578,44.189
141579,52.557
141580,31.864
141581,44.387
141582,44.51
141583,100.939
141584,40.214
141585,44.63
141586,29.366
141587,40.393
141588,41.168
141589,102.249
141590,36.743
141591,41.196
141592,31.944
141593,27.285
141594,37.468
141595,104.755
141596,37.357
141597,40.427
141598,32.398
141599,33.815
141600,37.334
141601,92.47
141602,28.251
141603,32.034
141604,26.85
141605,24.046
141606,28.879
141607,99.826
141608,28.041
141609,29.317
141610,27.259
141611,25.902
141612,28.699
141613,91.036
141614,26.049
141615,29.656
141616,25.4
141617,21.773
141618,26.446
141619,97.562
141620,26.51
141621,27.379
141622,25.506
141623,20.253
141624,26.756
141625,100.412
141626,27.312
141627,27.988
141628,25.023
141629,20.62
141630,27.792
141631,100.793
141632,28.274
141633,30.461
141634,27.118
141635,23.944
141636,30.113
141637,94.637
141638,25.18
141639,31.131
141640,27.079
141641,25.508
141642,27.347
141643,60.022
141644,22.24
141645,27.258
141646,22.604
141647,25.834
141648,24.448
141649,22.452
141650,14.912
141651,15.415
141652,16.865
141653,16.725
141654,14.979
141655,15.185
141656,11.93
141657,14.326
141658,15.363
141659,17.05
141660,10.52
141661,12.545
141662,10.612
141663,14.738
141664,17.162
141665,19.61
141666,11.726
141667,12.77
141668,12.244
141669,15.721
141670,19.307
141671,22.163
141672,12.58
141673,13.052
141674,13.249
141675,16.02
141676,19.902
141677,24.775
141678,14.015
141679,14.839
141680,15.194
141681,17.269
141682,19.962
141683,28.979
141684,15.795
141685,14.999
141686,16.214
141687,17.272
141688,22.103
141689,32.333
141690,16.592
141691,16.893
141692,17.62
141693,17.604
141694,21.389
141695,31.81
141696,17.963
141697,46.637
141698,39.665
141699,43.82
141700,44.48
141701,53.885
141702,42.829
141703,121.669
141704,89.766
141705,100.941
141706,96.893
141707,106.377
141708,94.667
141709,97.981
141710,54.928
141711,60.112
141712,50.545
141713,60.712
141714,54.216
141715,90.187
141716,37.847
141717,46.342
141718,34.022
141719,41.485
141720,36.587
141721,77.913
141722,27.421
141723,36.95
141724,19.397
141725,25.899
141726,25.773
141727,67.919
141728,23.896
141729,31.126
141730,20.05
141731,12.493
141732,21.782
141733,52.13
141734,21.512
141735,24.742
141736,18.559
141737,11.364
141738,20.054
141739,56.758
141740,20.616
141741,24.756
141742,19.175
141743,17.862
141744,20.091
141745,54.357
141746,19.229
141747,22.586
141748,16.475
141749,14.631
141750,19.007
141751,56.95
141752,20.026
141753,19.92
141754,17.814
141755,16.367
141756,20.899
141757,57.344
141758,20.32
141759,19.536
141760,17.161
141761,15.513
141762,21.205
141763,64.065
141764,20.665
141765,20.604
141766,18.535
141767,16.401
141768,22.053
141769,63.432
141770,26.578
141771,23.175
141772,21.521
141773,19.114
141774,27.509
141775,66.459
141776,33.265
141777,30.445
141778,25.64
141779,23.604
141780,31.728
141781,64.656
141782,31.904
141783,30.466
141784,26.654
141785,26.12
141786,30.775
141787,37.679
141788,24.645
141789,25.071
141790,21.737
141791,24.343
141792,24.62
141793,18.089
141794,17.267
141795,15.731
141796,14.487
141797,15.834
141798,17.054
141799,12.76
141800,14.098
141801,12.541
141802,13.275
141803,15.303
141804,14.48
141805,10.025
141806,13.605
141807,11.532
141808,16.498
141809,19.504
141810,14.547
141811,11.332
141812,14.974
141813,15.099
141814,20.674
141815,24.453
141816,15.491
141817,10.206
141818,14.175
141819,16.498
141820,21.516
141821,28.211
141822,14.913
141823,12.011
141824,14.842
141825,17.378
141826,21.259
141827,30.772
141828,15.391
141829,14.309
141830,14.87
141831,18.727
141832,20.082
141833,33.682
141834,15.396
141835,17.299
141836,15.92
141837,18.948
141838,18.452
141839,32.229
141840,16.482
141841,47.345
141842,37.848
141843,40.912
141844,37.776
141845,48.907
141846,38.493
141847,108.682
141848,69.717
141849,74.51
141850,66.35
141851,74.694
141852,70.198
141853,105.752
141854,43.323
141855,50.631
141856,38.079
141857,48.641
141858,49.141
141859,99.91
141860,34.163
141861,32.239
141862,28.2
141863,34.539
141864,35.064
141865,89.314
141866,21.458
141867,27.011
141868,20.938
141869,25.172
141870,19.273
141871,66.979
141872,17.278
141873,23.278
141874,14.274
141875,11.81
141876,18.102
141877,50.078
141878,15.451
141879,16.062
141880,11.167
141881,9.175
141882,12.664
141883,51.962
141884,15.987
141885,16.745
141886,16.46
141887,12.891
141888,14.945
141889,51.608
141890,21.07
141891,15.474
141892,12.004
141893,10.201
141894,19.38
141895,54.471
141896,20.985
141897,13.04
141898,12.118
141899,9.085
141900,21.882
141901,54.801
141902,22.169
141903,13.556
141904,13.274
141905,8.158
141906,22.28
141907,59.805
141908,23.361
141909,14.307
141910,12.2
141911,9.275
141912,24.046
141913,71.075
141914,19.775
141915,12.851
141916,13.051
141917,10.089
141918,21.698
141919,65.56
141920,16.345
141921,16.004
141922,15.973
141923,13.185
141924,21.925
141925,42.665
141926,12.653
141927,16.549
141928,14.848
141929,13.128
141930,13.411
141931,19.065
141932,6.914
141933,12.916
141934,8.859
141935,12.062
141936,6.01
141937,-0.523
141938,3.266
141939,5.923
141940,7.703
141941,9.94
141942,0.548
141943,1.947
141944,-0.917
141945,1.867
141946,8.565
141947,11.282
141948,-1.069
141949,-1.177
141950,-2.599
141951,3.628
141952,10.764
141953,14.279
141954,-3.163
141955,-3.53
141956,-3.662
141957,10.097
141958,14.274
141959,19.644
141960,-4.024
141961,-3.248
141962,-4.901
141963,14.861
141964,16.611
141965,24.814
141966,-4.046
141967,-2.785
141968,-4.904
141969,14.795
141970,16.584
141971,27.562
141972,-4.51
141973,-3.43
141974,-4.527
141975,17.598
141976,16.377
141977,31.275
141978,-4.184
141979,-4.32
141980,-2.748
141981,16.971
141982,14.768
141983,30.382
141984,-2.728
141985,-0.057
141986,-1.821
141987,24.644
141988,19.257
141989,31.718
141990,-0.137
141991,20.614
141992,13.065
141993,39.696
141994,30.025
141995,42.807
141996,14.566
141997,29.922
141998,18.713
141999,38.616
142000,27.93
142001,32.799
142002,25.742
142003,31.84
142004,22.195
142005,16.35
142006,22.161
142007,27.272
142008,25.879
142009,33.662
142010,16.849
142011,15.629
142012,11.611
142013,11.483
142014,18.593
142015,33.079
142016,11.739
142017,11.647
142018,17.032
142019,6.972
142020,14.129
142021,34.72
142022,13.17
142023,6.997
142024,14.115
142025,11.011
142026,14.95
142027,34.227
142028,3.814
142029,2.8
142030,-4.673
142031,-3.899
142032,2.145
142033,36.997
142034,1.535
142035,0.761
142036,-3.71
142037,-5.191
142038,2.428
142039,39.455
142040,1.116
142041,-0.325
142042,-6.443
142043,-3.559
142044,1.256
142045,39.495
142046,0.215
142047,-0.577
142048,-6.99
142049,-0.195
142050,1.29
142051,42.292
142052,-0.094
142053,0.421
142054,-6.917
142055,-8.382
142056,0.8
142057,41.31
142058,2.431
142059,4.373
142060,-6.033
142061,1.188
142062,3.166
142063,39.18
142064,7.055
142065,10.518
142066,0.527
142067,1.666
142068,7.513
142069,31.143
142070,5.586
142071,10.195
142072,4.551
142073,1.273
142074,6.395
142075,9.098
142076,0.392
142077,2.437
142078,-1.595
142079,-0.872
142080,0.989
142081,1.106
142082,-1.964
142083,-1.766
142084,2.051
142085,-1.866
142086,-1.683
142087,-4.27
142088,-5.571
142089,-7.335
142090,-9.556
142091,-6.266
142092,-5.317
142093,-7.406
142094,-7.524
142095,-9.067
142096,-10.501
142097,-6.772
142098,-7.036
142099,-5.855
142100,-6.056
142101,-6.378
142102,-7.466
142103,-2.827
142104,-5.894
142105,-5.597
142106,-6.451
142107,-5.955
142108,-7.641
142109,-1.162
142110,-6.056
142111,-6.49
142112,-7.457
142113,-7.981
142114,-9.414
142115,-1.668
142116,-7.133
142117,-6.206
142118,-6.869
142119,-7.225
142120,-10.73
142121,1.522
142122,-6.64
142123,-4.64
142124,-5.494
142125,-7.829
142126,-11.317
142127,0.52
142128,-5.085
142129,3.3
142130,-0.858
142131,-2.213
142132,-8.522
142133,2.521
142134,-0.321
142135,41.776
142136,21.832
142137,22.052
142138,10.849
142139,21.613
142140,22.685
142141,94.897
142142,52.382
142143,53.358
142144,38.146
142145,43.947
142146,51.639
142147,104.994
142148,52.15
142149,53.73
142150,35.49
142151,40.697
142152,52.271
142153,110.051
142154,41.924
142155,48.864
142156,29.77
142157,33.47
142158,45.175
142159,115.874
142160,39.799
142161,43.891
142162,27.301
142163,34.337
142164,41.359
142165,130.814
142166,38.894
142167,40.679
142168,29.715
142169,43.875
142170,40.529
142171,147.103
142172,44.052
142173,38.349
142174,28.368
142175,35.226
142176,42.797
142177,151.832
142178,43.659
142179,35.676
142180,27.034
142181,36.418
142182,43.78
142183,156.253
142184,42.758
142185,38.299
142186,27.341
142187,46.504
142188,43.072
142189,159.736
142190,42.52
142191,39.402
142192,27.459
142193,48.445
142194,43.37
142195,169.016
142196,44.002
142197,42.022
142198,31.866
142199,53.04
142200,45.086
142201,165.948
142202,50.014
142203,46.945
142204,37.116
142205,55.88
142206,50.897
142207,164.988
142208,66.053
142209,56.73
142210,48.716
142211,59.245
142212,66.511
142213,152.733
142214,65.381
142215,54.915
142216,51.601
142217,58.451
142218,65.754
142219,66.212
142220,34.287
142221,27.667
142222,29.904
142223,38.171
142224,34.47
142225,25.674
142226,17.413
142227,14.003
142228,13.253
142229,16.073
142230,17.844
142231,12.436
142232,12.14
142233,9.451
142234,10.511
142235,12.821
142236,12.615
142237,9.638
142238,11.73
142239,8.695
142240,12.757
142241,15.339
142242,11.805
142243,7.63
142244,11.045
142245,9.566
142246,14.127
142247,17.867
142248,11.304
142249,7.801
142250,9.933
142251,10.576
142252,13.731
142253,19.299
142254,10.351
142255,7.843
142256,9.385
142257,8.384
142258,11.755
142259,18.95
142260,9.491
142261,7.509
142262,9.913
142263,8.867
142264,10.164
142265,21.619
142266,10.092
142267,8.326
142268,11.823
142269,9.78
142270,10.621
142271,21.454
142272,12.17
142273,44.177
142274,49.218
142275,50.175
142276,48.791
142277,58.812
142278,49.395
142279,130.315
142280,122.59
142281,133.016
142282,123.772
142283,137.2
142284,122.459
142285,98.604
142286,77.519
142287,93.669
142288,77.3
142289,89.617
142290,78.133
142291,77.428
142292,56.206
142293,79.39
142294,59.161
142295,69.928
142296,61.278
142297,70.211
142298,44.19
142299,66.328
142300,46.959
142301,54.429
142302,44.545
142303,58.223
142304,31.859
142305,55.499
142306,40.279
142307,45.565
142308,30.468
142309,58.888
142310,23.021
142311,49.409
142312,36.561
142313,39.862
142314,19.609
142315,75.666
142316,32.369
142317,50.059
142318,30.752
142319,31.685
142320,30.442
142321,79.09
142322,28.504
142323,45.827
142324,21.143
142325,29.085
142326,25.595
142327,91.719
142328,22.14
142329,47.407
142330,30.841
142331,39.167
142332,25.192
142333,95.94
142334,23.123
142335,46.924
142336,26.754
142337,35.449
142338,24.638
142339,108.073
142340,26.491
142341,49.221
142342,25.237
142343,35.04
142344,26.91
142345,111.739
142346,30.964
142347,52.493
142348,28.182
142349,34.117
142350,32.173
142351,110.2
142352,39.496
142353,55.087
142354,33.61
142355,39.204
142356,39.758
142357,101.135
142358,41.35
142359,54.532
142360,34.318
142361,42.347
142362,40.851
142363,45.819
142364,26.736
142365,34.436
142366,25.139
142367,29.586
142368,26.578
142369,13.691
142370,11.842
142371,12.205
142372,12.193
142373,13.303
142374,12.791
142375,5.633
142376,8.885
142377,8.569
142378,9.501
142379,10.843
142380,9.132
142381,5.025
142382,8.981
142383,8.339
142384,10.45
142385,12.752
142386,9.28
142387,3.916
142388,8.24
142389,9.005
142390,12.056
142391,15.017
142392,8.407
142393,3.954
142394,8.145
142395,9.839
142396,12.053
142397,17.094
142398,8.537
142399,2.869
142400,7.776
142401,8.255
142402,10.094
142403,16.792
142404,8.398
142405,2.461
142406,8.803
142407,8.487
142408,8.528
142409,18.876
142410,8.938
142411,5.635
142412,11.295
142413,8.505
142414,8.726
142415,18.69
142416,11.286
142417,29.754
142418,34.865
142419,34.476
142420,32.211
142421,40.113
142422,35.367
142423,74.042
142424,72.754
142425,76.474
142426,69.435
142427,74.481
142428,72.385
142429,53.028
142430,46.579
142431,46.821
142432,34.213
142433,39.877
142434,43.183
142435,39.831
142436,32.833
142437,30.802
142438,23.549
142439,25.147
142440,31.405
142441,35.893
142442,16.522
142443,21.572
142444,20.949
142445,19.493
142446,17.201
142447,30.158
142448,7.063
142449,14.486
142450,1.689
142451,15.342
142452,8.935
142453,34.211
142454,9.282
142455,12.507
142456,1.549
142457,0.154
142458,5.197
142459,34.083
142460,8.168
142461,8.475
142462,2.285
142463,-2.126
142464,2.981
142465,38.518
142466,10.013
142467,10.77
142468,5.007
142469,0.848
142470,5.784
142471,42.097
142472,12.933
142473,14.223
142474,6.055
142475,2.446
142476,17.149
142477,44.806
142478,15.952
142479,16.003
142480,8.188
142481,3.438
142482,16.937
142483,52.669
142484,17.114
142485,19.291
142486,10.821
142487,6.761
142488,17.296
142489,53.754
142490,17.045
142491,22.531
142492,13.351
142493,9.084
142494,20.677
142495,54.193
142496,17.482
142497,26.193
142498,16.31
142499,12.95
142500,19.412
142501,49.46
142502,16.28
142503,23.269
142504,18.348
142505,13.246
142506,16.523
142507,41.62
142508,10.432
142509,15.512
142510,12.339
142511,13.063
142512,11.209
142513,10.73
142514,5.478
142515,7.795
142516,7.968
142517,7.175
142518,4.416
142519,5.323
142520,0.725
142521,8.725
142522,7.217
142523,7.216
142524,2.439
142525,-2.697
142526,-0.941
142527,8.26
142528,5.415
142529,5.643
142530,-1.473
142531,-5.189
142532,-1.653
142533,9.676
142534,4.801
142535,5.76
142536,-2.741
142537,-4.597
142538,-0.694
142539,12.149
142540,8.09
142541,10.522
142542,-1.62
142543,-3.647
142544,-0.035
142545,11.563
142546,6.568
142547,15.035
142548,0.24
142549,-3.138
142550,1.75
142551,13.714
142552,11.353
142553,21.087
142554,2.052
142555,-1.47
142556,6.941
142557,14.266
142558,13.843
142559,25.46
142560,5.999
142561,15.237
142562,28.818
142563,33.025
142564,31.313
142565,41.912
142566,25.623
142567,67.027
142568,77.513
142569,73.29
142570,75.22
142571,82.472
142572,73.931
142573,77.759
142574,61.738
142575,55.146
142576,54.291
142577,57.594
142578,64.859
142579,69.677
142580,49.071
142581,37.953
142582,28.577
142583,34.153
142584,50.593
142585,65.732
142586,35.378
142587,31.639
142588,18.469
142589,17.285
142590,38.399
142591,61.221
142592,28.989
142593,23.186
142594,14.661
142595,12.595
142596,28.504
142597,67.256
142598,27.766
142599,19.033
142600,15.238
142601,20.18
142602,25.783
142603,95.081
142604,22.727
142605,19.177
142606,17.203
142607,13.583
142608,21.453
142609,94.509
142610,21.494
142611,17.969
142612,9.457
142613,8.937
142614,20.599
142621,95.891
142622,22.822
142623,23.787
142624,9.337
142625,11.467
142626,22.909
142627,100.095
142628,23.723
142629,20.405
142630,9.351
142631,17.756
142632,24.471
142633,105.688
142634,25.228
142635,18.943
142636,18.349
142637,19.282
142638,24.947
142639,86.012
142640,27.411
142641,19.759
142642,18.621
142643,18.668
142644,26.132
142645,77.849
142646,29.8
142647,22.377
142648,18.073
142649,21.396
142650,28.603
142651,46.653
142652,20.191
142653,13.78
142654,9.066
142655,12.132
142656,19.777
142657,14.504
142658,10.742
142659,3.414
142660,2.738
142661,5.092
142662,10.961
142663,9.268
142664,7.736
142665,3.507
142666,7.442
142667,4.619
142668,7.01
142669,6.647
142670,7.742
142671,3.686
142672,8.274
142673,6.845
142674,7.479
142675,3.772
142676,6.721
142677,8.264
142678,10.079
142679,10.903
142680,6.808
142681,4.192
142682,4.986
142683,8.7
142684,10.924
142685,13.085
142686,4.819
142687,3.417
142688,4.558
142689,8.847
142690,10.88
142691,14.66
142692,3.753
142693,3.951
142694,4.551
142695,7.869
142696,9.585
142697,15.332
142698,4.527
142699,4.511
142700,6.036
142701,9.359
142702,9.767
142703,19.181
142704,5.597
142705,26.399
142706,26.133
142707,29.638
142708,29.841
142709,38.138
142710,26.806
142711,64.138
142712,52.158
142713,60.619
142714,58.889
142715,67.602
142716,57.207
142717,49.244
142718,30.395
142719,37.71
142720,29.496
142721,37.244
142722,31.366
142723,38.939
142724,20.496
142725,31.672
142726,18.769
142727,23.126
142728,23.359
142729,33.431
142730,14.68
142731,30.428
142732,15.296
142733,14.958
142734,14.815
142735,34.808
142736,11.333
142737,30.996
142738,17.301
142739,12.554
142740,10.912
142741,28.553
142742,5.33
142743,24.839
142744,11.596
142745,6.898
142746,5.31
142747,77.809
142748,29.588
142749,39.844
142750,25.552
142751,32.732
142752,30.114
142753,31.66
142754,0.405
142755,17.83
142756,4.512
142757,4.49
142758,-0.009
142759,35.622
142760,3.311
142761,15.254
142762,11.115
142763,6.834
142764,2.67
142765,38.465
142766,4.257
142767,15.654
142768,10.784
142769,7.868
142770,3.771
142771,42.332
142772,6.125
142773,17.395
142774,10.744
142775,10.244
142776,5.63
142777,48.04
142778,8.224
142779,18.639
142780,10.582
142781,11.07
142782,8.09
142783,46.305
142784,11.268
142785,20.717
142786,16.482
142787,15.873
142788,11.212
142789,44.335
142790,16.35
142791,25.164
142792,20.99
142793,21.672
142794,16.245
142795,25.163
142796,10.222
142797,17.347
142798,16.52
142799,15.842
142800,10.777
142801,4.02
142802,6.627
142803,9.693
142804,10.717
142805,10.221
142806,6.501
142807,0.972
142808,7.735
142809,9.326
142810,10.288
142811,10.832
142812,7.987
142813,2.515
142814,8.906
142815,11.552
142816,12.325
142817,13.395
142818,9.144
142819,1.959
142820,8.107
142821,12.557
142822,14.975
142823,17.059
142824,8.95
142825,2.091
142826,6.545
142827,12.401
142828,15.661
142829,18.359
142830,6.629
142831,1.531
142832,3.546
142833,11.478
142834,14.309
142835,18.485
142836,3.479
142837,1.092
142838,1.643
142839,10.323
142840,12.8
142841,19.023
142842,2.508
142843,0.815
142844,2.127
142845,11.745
142846,12.453
142847,22.379
142848,2.186
142849,17.486
142850,19.636
142851,32.658
142852,35.238
142853,43.434
142854,18.6
142855,36.119
142856,37.834
142857,52.583
142858,51.546
142859,59.295
142860,35.255
142861,24.871
142862,17.085
142863,27.193
142864,21.64
142865,29.825
142866,16.197
142867,26.087
142868,11.92
142869,22.064
142870,17.768
142871,19.772
142872,11.955
142873,25.073
142874,8.2
142875,18.833
142876,1.765
142877,3.211
142878,8.348
142879,27.707
142880,5.727
142881,19.636
142882,3.999
142883,1.171
142884,5.152
142885,25.606
142886,1.776
142887,15.177
142888,5.46
142889,-0.048
142890,1.575
142891,28.867
142892,-0.773
142893,13.735
142894,5.536
142895,0.32
142896,-0.434
142897,33.621
142898,1.53
142899,9.998
142900,3.976
142901,2.958
142902,2.373
142903,33.98
142904,2.033
142905,10.965
142906,3.14
142907,2.316
142908,2.829
142909,35.35
142910,1.007
142911,10.676
142912,2.385
142913,2.905
142914,2.788
142915,36.282
142916,1.191
142917,12.518
142918,4.511
142919,3.055
142920,2.272
142921,41.387
142922,2.058
142923,13.474
142924,8.416
142925,4.705
142926,4.052
142927,39.66
142928,6.645
142929,15.985
142930,14.249
142931,8.606
142932,8.611
142933,36.289
142934,13.307
142935,19.623
142936,18.355
142937,15.757
142938,14.659
142939,22.621
142940,8.637
142941,13.566
142942,14.581
142943,10.696
142944,9.223
142945,3.371
142946,5.151
142947,8.095
142948,10.387
142949,8.385
142950,1.935
142951,0.837
142952,4.726
142953,9.815
142954,10.088
142955,10.21
142956,2.045
142957,-0.625
142958,-1.145
142959,9.665
142960,9.791
142961,11.051
142962,-1.97
142963,-0.665
142964,-0.804
142965,9.98
142966,12.057
142967,13.793
142968,-0.981
142969,-0.478
142970,-1.36
142971,9.308
142972,13.181
142973,15.313
142974,-1.826
142975,1.54
142976,-3.79
142977,10.74
142978,13.368
142979,17.336
142980,-2.979
142981,2.743
142982,-4.838
142983,9.465
142984,11.857
142985,18.752
142986,-4.045
142987,4.571
142988,-4.235
142989,11.669
142990,12.561
142991,23.243
142992,-2.287
142993,19.592
142994,6.103
142995,23.782
142996,28.186
142997,36.204
142998,7.16
142999,42.826
143000,25.261
143001,41.082
143002,38.123
143003,48.114
143004,22.524
143005,30.313
143006,19.78
143007,27.63
143008,19.739
143009,30.793
143010,15.655
143011,26.191
143012,11.049
143013,21.862
143014,6.349
143015,18.914
143016,11.042
143017,25.837
143018,8.166
143019,20.022
143020,5.005
143021,7.159
143022,8.691
143023,28.42
143024,6.439
143025,19.601
143026,7.331
143027,8.373
143028,6.472
143029,26.251
143030,2.517
143031,13.856
143032,6.187
143033,6.15
143034,3.368
143035,29.879
143036,1.37
143037,10.298
143038,7.286
143039,1.049
143040,1.356
143041,33.433
143042,0.708
143043,6.959
143044,6.729
143045,3.498
143046,0.602
143047,36.368
143048,1.891
143049,8.737
143050,10.681
143051,4.159
143052,1.6
143053,39.323
143054,3.159
143055,10.748
143056,12.221
143057,6.672
143058,2.494
143059,42.994
143060,4.75
143061,10.632
143062,13.736
143063,9.219
143064,3.981
143065,50.757
143066,5.844
143067,11.795
143068,15.108
143069,11.845
143070,7.916
143071,50.454
143072,8.726
143073,12.49
143074,17.274
143075,14.307
143076,7.854
143077,49.315
143078,13.964
143079,16.018
143080,21.155
143081,18.266
143082,11.897
143083,33.405
143084,9.16
143085,12.309
143086,17.372
143087,16.178
143088,10.656
143089,10.509
143090,5.347
143091,6.853
143092,12.456
143093,11.805
143094,3.56
143095,13.044
143096,10.586
143097,9.42
143098,10.897
143099,11.589
143100,8.188
143101,13.988
143102,12.425
143103,11.343
143104,12.914
143105,13.44
143106,11.387
143107,13.975
143108,15.74
143109,14.7
143110,16.003
143111,16.241
143112,17.041
143113,14.203
143114,14.85
143115,16.349
143116,18.349
143117,21.584
143118,17.744
143119,16.25
143120,14.652
143121,18.615
143122,20.992
143123,26.046
143124,18.978
143125,18.44
143126,15.655
143127,18.627
143128,21.46
143129,28.282
143130,19.78
143131,24.097
143132,17.369
143133,21.981
143134,22.891
143135,34.815
143136,23.352
143137,74.471
143138,58.928
143139,62.704
143140,63.12
143141,74.7
143142,66.864
143143,160.783
143144,103.209
143145,116.942
143146,116.943
143147,127.793
143148,106.684
143149,128.001
143150,55.224
143151,64.16
143152,63.46
143153,67.785
143154,53.123
143155,114.166
143156,34.327
143157,35.447
143158,42.227
143159,41.093
143160,33.855
143161,101.888
143162,20.683
143163,27.657
143164,24.395
143165,25.796
143166,23.809
143167,58.103
143168,18.975
143169,27.788
143170,13.574
143171,11.239
143172,19.256
143173,49.588
143174,15.746
143175,22.725
143176,12.168
143177,11.273
143178,16.451
143179,52.759
143180,15.034
143181,21.337
143182,14.75
143183,12.734
143184,16.874
143185,67.618
143186,21.942
143187,22.637
143188,23.076
143189,17.925
143190,22.343
143191,69.26
143192,21.642
143193,21.946
143194,21.988
143195,18.591
143196,22.706
143197,78.374
143198,23.043
143199,24.659
143200,23.199
143201,20.558
143202,23.228
143203,91.125
143204,22.049
143205,21.908
143206,21.476
143207,20.65
143208,22.774
143209,111.044
143210,22.498
143211,22.92
143212,22.009
143213,22.433
143214,23.415
143215,110.009
143216,25.835
143217,27.058
143218,24.791
143219,23.498
143220,26.379
143221,104.005
143222,30.349
143223,32.376
143224,28.553
143225,26.817
143226,31.064
143227,66.121
143228,23.616
143229,27.378
143230,23.496
143231,20.141
143232,24.352
143233,23.185
143234,13.535
143235,13.232
143236,14.329
143237,12.415
143238,13.634
143239,13.293
143240,12.079
143241,10.315
143242,10.849
143243,10.687
143244,12.222
143245,11.208
143246,11.796
143247,9.388
143248,11.148
143249,10.752
143250,12.149
143251,8.9
143252,11.092
143253,11.01
143254,11.982
143255,13.745
143256,11.43
143257,7.502
143258,8.794
143259,10.676
143260,13.205
143261,15.996
143262,8.72
143263,6.933
143264,7.483
143265,11.023
143266,13.236
143267,18.044
143268,7.514
143269,7.232
143270,4.931
143271,9.998
143272,12.269
143273,19.409
143274,5.545
143275,7.835
143276,3.54
143277,10.796
143278,11.5
143279,23.287
143280,3.95
143281,35.141
143282,19.551
143283,31.994
143284,32.098
143285,43.368
143286,19.907
143287,78.124
143288,36.872
143289,52.075
143290,49.252
143291,60.237
143292,39.099
143293,60.403
143294,17.785
143295,24.387
143296,22.707
143297,29.084
143298,21.434
143299,33.901
143300,12.154
143301,15.031
143302,15.346
143303,21.046
143304,14.871
143305,26.012
143306,9.627
143307,15.41
143308,12.346
143309,13.078
143310,11.773
143311,27.303
143312,7.615
143313,15.916
143314,3.471
143315,3.691
143316,9.084
143317,23.596
143318,2.512
143319,10.866
143320,3.135
143321,-0.171
143322,2.514
143323,29.818
143324,0.703
143325,7.812
143326,6.396
143327,-1.278
143328,-0.249
143329,45.614
143330,9.104
143331,8.347
143332,7.085
143333,4.474
143334,9.396
143335,53.849
143336,7.482
143337,7.729
143338,4.769
143339,5.365
143340,11.848
143341,71.605
143342,3.577
143343,6.677
143344,7.708
143345,4.661
143346,17.3
143347,74.661
143348,4.561
143349,7.292
143350,7.147
143351,5.289
143352,11.863
143353,77.465
143354,4.484
143355,7.626
143356,9.378
143357,5.491
143358,9.741
143359,60.947
143360,6.446
143361,9.138
143362,13.458
143363,8.085
143364,8.938
143365,46.673
143366,12.716
143367,15.057
143368,20.603
143369,14.977
143370,14.049
143371,30.803
143372,8.527
143373,10.356
143374,17.007
143375,11.614
143376,9.719
143377,6.355
143378,1.609
143379,2.14
143380,11.178
143381,6.538
143382,2.446
143383,4.717
143384,-0.364
143385,-0.359
143386,9.858
143387,7.553
143388,0.098
143389,5.051
143390,2.282
143391,2.802
143392,11.027
143393,9.243
143394,0.548
143395,5.504
143396,2.992
143397,6.744
143398,13.863
143399,13.186
143400,2.203
143401,5.995
143402,4.05
143403,9.642
143404,16.171
143405,18.722
143406,4.865
143407,8.399
143408,6.988
143409,13.492
143410,18.438
143411,24.439
143412,5.814
143413,11.233
143414,10.519
143415,14.063
143416,19.275
143417,28.312
143418,8.883
143419,16.196
143420,18.901
143421,20.75
143422,22.694
143423,35.016
143424,16.938
143425,56.495
143426,60.484
143427,53.632
143428,57.755
143429,67.331
143430,59.063
143431,119.171
143432,108.306
143433,98.883
143434,105.894
143435,111.706
143436,107.599
143437,101.274
143438,70.085
143439,64.245
143440,57.854
143441,64.714
143442,69.966
143443,92.326
143444,51.694
143445,34.553
143446,32.662
143447,46.159
143448,53.559
143449,82.185
143450,40.396
143451,32.219
143452,16.896
143453,31.652
143454,42.375
143455,78.092
143456,35.709
143457,32.801
143458,17.031
143459,18.095
143460,35.651
143461,83.407
143462,29.474
143463,28.41
143464,20.016
143465,14.626
143466,30.094
143467,75.015
143468,25.182
143469,24.197
143470,21.05
143471,15.433
143472,26.591
143473,73.708
143474,30.037
143475,28.713
143476,22.796
143477,17.641
143478,30.271
143479,74.012
143480,27.677
143481,26.668
143482,21.179
143483,18.084
143484,26.489
143485,77.399
143486,26.164
143487,24.296
143488,20.566
143489,19.815
143490,24.625
143491,80.995
143492,24.938
143493,20.609
143494,19.757
143495,18.402
143496,24.559
143497,85.405
143498,23.118
143499,16.747
143500,19.759
143501,18.783
143502,23.321
143503,78.333
143504,25.558
143505,16.899
143506,20.686
143507,20.413
143508,25.135
143509,65.575
143510,28.05
143511,20.416
143512,23.785
143513,23.054
143514,28.507
143515,42.597
143516,22.518
143517,14.62
143518,19.696
143519,19.49
143520,22.581
143521,10.498
143522,12.507
143523,6.474
143524,14.661
143525,13.828
143526,12.237
143527,2.291
143528,10.973
143529,9.322
143530,11.188
143531,10.587
143532,11.758
143533,2.543
143534,11.038
143535,11.058
143536,12.513
143537,11.981
143538,11.547
143539,3.644
143540,11.765
143541,12.492
143542,15.855
143543,15.391
143544,11.815
143545,7.555
143546,11.848
143547,14.064
143548,18.306
143549,18.823
143550,12.355
143551,7.806
143552,8.497
143553,13.18
143554,18.554
143555,22.435
143556,10.723
143557,6.147
143558,8.255
143559,13.875
143560,18.443
143561,26.09
143562,10.907
143563,8.466
143564,2.775
143565,16.16
143566,18.127
143567,32.359
143568,7.938
143569,36.363
143570,12.924
143571,37.355
143572,35.614
143573,47.698
143574,15.606
143575,78.496
143576,28.887
143577,59.02
143578,53.105
143579,64.184
143580,31.722
143581,72.19
143582,14.011
143583,33.416
143584,24.768
143585,32.412
143586,13.941
143587,58.264
143588,12.443
143589,28.111
143590,19.507
143591,22.489
143592,12.636
143593,26.994
143594,11.248
143595,27.602
143596,17.029
143597,16.542
143598,11.321
143599,29.626
143600,10.119
143601,26.942
143602,18.138
143603,15.404
143604,8.845
143605,27.242
143606,8.928
143607,22.99
143608,15.898
143609,14.118
143610,6.97
143611,31.334
143612,7.949
143613,19.068
143614,12.191
143615,14.482
143616,8.18
143617,36.071
143618,7.889
143619,18.636
143620,15.508
143621,14.488
143622,7.622
143623,37.835
143624,6.479
143625,17.377
143626,14.728
143627,10.56
143628,7.029
143629,40.802
143630,6.502
143631,14.517
143632,14.578
143633,11.822
143634,5.814
143635,41.923
143636,7.552
143637,2.174
143638,13.378
143639,11.202
143640,6.448
143641,46.496
143642,8.427
143643,1.091
143644,13.663
143645,10.775
143646,6.996
143647,42.385
143648,8.478
143649,0.821
143650,11.369
143651,8.098
143652,8.994
143653,35.763
143654,12.196
143655,2.655
143656,12.488
143657,1.267
143658,10.608
143659,23.017
143660,8.461
143661,0.484
143662,1.423
143663,2.859
143664,9.885
143665,2.6
143666,3.697
143667,-4.951
143668,-2.066
143669,-7.55
143670,1.334
143671,-2.796
143672,-3.145
143673,-6.593
143674,-8.928
143675,-7.792
143676,-2.246
143677,-6.019
143678,-5.358
143679,-8.672
143680,-9.445
143681,-5.471
143682,-5.245
143683,-7.299
143684,-6.118
143685,-8.272
143686,-6.744
143687,-2.278
143688,-5.374
143689,-5.486
143690,-5.969
143691,-6.641
143692,-4.611
143693,1.629
143694,-5.871
143695,-2.873
143696,-5.367
143697,-6.038
143698,-3.146
143699,4.359
143700,-5.781
143701,-0.174
143702,-2.363
143703,-7.269
143704,0.43
143705,4.581
143706,-3.163
143707,3.062
143708,0.81
143709,-5.256
143710,-6.617
143711,9.806
143712,-0.341
143713,15.461
143714,11.37
143715,1.216
143716,4.185
143717,19.125
143718,10.812
143719,52.677
143720,31.112
143721,20.274
143722,21.201
143723,43.307
143724,32.171
143725,84.156
143726,41.425
143727,29.791
143728,37.46
143729,52.72
143730,41.489
143731,86.363
143732,39.517
143733,27.14
143734,30.793
143735,41.571
143736,39.395
143737,83.748
143738,34.251
143739,28.006
143740,24.272
143741,34.944
143742,33.396
143743,81.05
143744,31.873
143745,32.62
143746,20.273
143747,33.319
143748,33.802
143749,77.222
143750,31.481
143751,29.187
143752,18.357
143753,23.573
143754,33.568
143755,92.319
143756,32.536
143757,28.172
143758,14.717
143759,21.786
143760,34.62
143761,98.482
143762,37.007
143763,29.257
143764,17.636
143765,21.749
143766,37.983
143767,100.408
143768,36.825
143769,27.167
143770,14.335
143771,20.056
143772,36.435
143773,109.175
143774,37.079
143775,29.916
143776,15.984
143777,21.848
143778,38.061
143779,102.779
143780,37.865
143781,32.87
143782,19.596
143783,23.902
143784,38.658
143785,112.361
143786,41.551
143787,40.037
143788,24.056
143789,25.435
143790,42.149
143791,126.928
143792,51.605
143793,48.1
143794,41.905
143795,51.577
143796,51.784
143797,133.763
143798,59.086
143799,55.667
143800,45.14
143801,56.55
143802,59.86
143803,85.82
143804,40.998
143805,37.621
143806,31.929
143807,41.001
143808,41.668
143809,26.053
143810,18.117
143811,9.463
143812,12.405
143813,15.822
143814,18.129
143815,12.602
143816,13.41
143817,2.266
143818,6.187
143819,10.122
143820,13.779
143821,11.482
143822,12.488
143823,0.504
143824,7.041
143825,10.464
143826,12.81
143827,8.807
143828,11.74
143829,0.799
143830,6.845
143831,10.817
143832,12.102
143833,8.041
143834,10.241
143835,2.006
143836,7.92
143837,11.839
143838,10.618
143839,6.76
143840,8.154
143841,0.757
143842,6.755
143843,12.496
143844,8.613
143845,6.891
143846,7.762
143847,0.394
143848,6.018
143849,14.418
143850,8.088
143851,8.818
143852,10.075
143853,4.579
143854,6.827
143855,19.42
143856,10.387
143857,39.828
143858,40.274
143859,36.042
143860,36.887
143861,50.506
143862,40.814
143863,85.751
143864,69.686
143865,78.898
143866,72.886
143867,88.111
143868,70.284
143869,75.269
143870,44.018
143871,59.494
143872,41.702
143873,57.338
143874,46.648
143875,60.803
143876,28.587
143877,51.362
143878,29.448
143879,42.33
143880,33.22
143881,41.715
143882,18.404
143883,45.087
143884,23.701
143885,31.141
143886,19.878
143887,36.467
143888,14.692
143889,44.639
143890,24.067
143891,28.383
143892,13.677
143893,31.028
143894,8.593
143895,39.55
143896,23.38
143897,26.383
143898,7.148
143899,33.627
143900,4.967
143901,34.197
143902,21.588
143903,23.996
143904,4.294
143905,37.088
143906,5.033
143907,26.953
143908,12.148
143909,12.397
143910,4.635
143911,38.157
143912,4.964
143913,24.709
143914,13.57
143915,11.002
143916,4.227
143917,40.324
143918,4.523
143919,20.14
143920,14.772
143921,11.83
143922,4.141
143923,41.99
143924,4.369
143925,21.525
143926,14.631
143927,12.174
143928,4.064
143929,47.231
143930,5.331
143931,23.441
143932,14.461
143933,12.277
143934,4.991
143935,46.877
143936,9.626
143937,29.131
143938,17.745
143939,17.031
143940,8.541
143941,44.28
143942,14.612
143943,33.176
143944,23.51
143945,25.228
143946,13.577
143947,28.014
143948,7.445
143949,23.693
143950,19.094
143951,20.595
143952,7.675
143953,4.053
143954,0.232
143955,11.709
143956,11.448
143957,11.829
143958,0.607
143959,0.399
143960,-2.494
143961,9.606
143962,9.489
143963,8.704
143964,-2.445
143965,-1.441
143966,-4.768
143967,6.685
143968,6.655
143969,6.163
143970,-4.425
143971,-3.799
143972,-5.864
143973,3.297
143974,6.543
143975,5.793
143976,-5.117
143977,-3.673
143978,-7.048
143979,0.946
143980,4.675
143981,6.824
143982,-6.594
143983,-4.656
143984,-8.552
143985,-0.723
143986,2.644
143987,6.633
143988,-7.917
143989,-6.093
143990,-8.646
143991,-2.153
143992,0.746
143993,6.273
143994,-8.346
143995,-5.791
143996,-7.329
143997,-1.619
143998,-0.832
143999,8.35
144000,-7.133
144001,2.593
144002,2.929
144003,7.765
144004,5.933
144005,16.459
144006,2.729
144007,18.976
144008,21.95
144009,19.488
144010,15.222
144011,20.783
144012,18.991
144013,27.759
144014,16.868
144015,16.282
144016,5.722
144017,14.672
144018,17.166
144019,30.138
144020,17.569
144021,21.258
144022,-0.563
144023,5.219
144024,14.888
144025,31.022
144026,12.588
144027,15.008
144028,-1.193
144029,0.673
144030,12.965
144031,31.843
144032,9.428
144033,15.606
144034,1.552
144035,-0.895
144036,9.258
144037,29.335
144038,5.784
144039,11.83
144040,1.955
144041,-2.118
144042,5.593
144043,34.707
144044,6.275
144045,8.761
144046,2.648
144047,-1.178
144048,4.032
144049,40.639
144050,6.302
144051,8.972
144052,4.631
144053,1.233
144054,6.158
144055,44.256
144056,8.87
144057,9.598
144058,5.338
144059,1.631
144060,8.026
144061,48.818
144062,11.494
144063,10.797
144064,5.961
144065,3.452
144066,10.691
144067,52.713
144068,21.457
144069,11.171
144070,7.724
144071,4.756
144072,13.569
144073,61.998
144074,24.188
144075,13.522
144076,11.703
144077,8.825
144078,23.92
144079,68.738
144080,19.837
144081,17.2
144082,15.172
144083,13.319
144084,28.657
144085,78.393
144086,27.006
144087,25.577
144088,22.998
144089,21.668
144090,30.681
144091,56.43
144092,21.147
144093,20.761
144094,17.832
144095,17.337
144096,22.331
144097,21.241
144098,11.506
144099,8.848
144100,9.565
144101,8.633
144102,12.046
144103,14.635
144104,11.498
144105,4.693
144106,7.328
144107,10.066
144108,11.061
144109,13.046
144110,10.026
144111,2.841
144112,4.204
144113,10.411
144114,10.991
144115,11.943
144116,11.225
144117,1.551
144118,4.694
144119,11.501
144120,11.492
144121,13.25
144122,12.199
144123,2.636
144124,5.491
144125,13.701
144126,11.165
144127,14.632
144128,13.215
144129,4.579
144130,4.7
144131,14.526
144132,12.849
144133,16.345
144134,14.832
144135,7.037
144136,5.335
144137,15.841
144138,15.08
144139,21.244
144140,18.843
144141,10.366
144142,7.144
144143,21.481
144144,19.695
144145,71.431
144146,63.655
144147,40.558
144148,41.902
144149,52.849
144150,66.162
144151,149.378
144152,115.908
144153,73.416
144154,80.397
144155,95.787
144156,116.725
144157,100.427
144158,53.937
144159,34.466
144160,31.85
144161,44.059
144162,53.695
144163,100.141
144164,47.167
144165,30.222
144166,17.7
144167,24.384
144168,46.882
144169,69.196
144170,36.686
144171,28.119
144172,11.431
144173,12.762
144174,36.621
144175,55.784
144176,29.651
144177,27.458
144178,10.537
144179,8.831
144180,28.521
144181,42.929
144182,22.03
144183,21.744
144184,8.094
144185,4.566
144186,16.648
144187,43.078
144188,19.126
144189,15.819
144190,5.947
144191,3.21
144192,13.741
144193,39.852
144194,17.007
144195,9.032
144196,2.77
144197,1.617
144198,12.961
144199,41.921
144200,16.479
144201,7.708
144202,2.174
144203,1.195
144204,13.736
144205,43.039
144206,16.784
144207,6.903
144208,2.206
144209,2.693
144210,13.302
144211,44.969
144212,16.485
144213,6.904
144214,3.194
144215,2.299
144216,14.829
144217,50.407
144218,17.028
144219,7.738
144220,4.701
144221,2.13
144222,13.926
144223,50.049
144224,19.585
144225,9.676
144226,6.659
144227,2.788
144228,13.675
144229,45.844
144230,23.406
144231,13.694
144232,11.237
144233,7.122
144234,17.345
144235,34.685
144236,20.303
144237,13.51
144238,12.117
144239,6.615
144240,15.656
144241,7.998
144242,10.188
144243,6.267
144244,6.124
144245,2.149
144246,6.53
144247,3.666
144248,7.886
144249,5.559
144250,3.042
144251,-0.131
144252,4.974
144253,7.817
144254,9.403
144255,1.15
144256,-1.016
144257,-1.387
144258,7.738
144259,7.127
144260,9.935
144261,1.422
144262,-1.438
144263,1.212
144264,9.008
144265,8.46
144266,11.426
144267,5.225
144268,0.908
144269,5.981
144270,8.765
144271,8.348
144272,8.358
144273,6.349
144274,1.492
144275,9.168
144276,7.461
144277,11.358
144278,7.885
144279,7.543
144280,4.179
144281,13.608
144282,7.571
144283,15.357
144284,9.434
144285,11.742
144286,8.814
144287,20.47
144288,9.349
144289,44.82
144290,30.425
144291,28.091
144292,29.028
144293,38.7
144294,30.608
144295,85.938
144296,54.619
144297,39.281
144298,43.136
144299,53.731
144300,55.644
144301,42.149
144302,26.322
144303,17.917
144304,21.994
144305,26.834
144306,23.664
144307,32.012
144308,15.894
144309,16.446
144310,13.969
144311,18.691
144312,14.593
144313,30.418
144314,12.064
144315,17.107
144316,1.59
144317,8.127
144318,11.69
144319,31.681
144320,11.455
144321,18.344
144322,4.276
144323,-0.08
144324,8.557
144325,27.773
144326,4.089
144327,13.75
144328,4.656
144329,-0.51
144330,4.39
144331,30.67
144332,2.038
144333,9.987
144334,5.971
144335,-0.049
144336,1.173
144337,35.796
144338,3.892
144339,8.198
144340,4.812
144341,1.756
144342,3.145
144343,36.651
144344,2.909
144345,6.561
144346,4.929
144347,0.829
144348,2.448
144349,39.379
144350,3.281
144351,7.254
144352,6.218
144353,2.134
144354,2.851
144355,40.366
144356,4.965
144357,8.039
144358,7.654
144359,2.211
144360,3.476
144361,45.975
144362,5.378
144363,8.754
144364,7.778
144365,4.581
144366,5.521
144367,44.632
144368,12.297
144369,10.929
144370,10.181
144371,6.198
144372,9.663
144373,43.971
144374,20.679
144375,16.642
144376,15.874
144377,9.719
144378,14.471
144379,35.606
144380,25.04
144381,16.774
144382,15.705
144383,10.518
144384,15.065
144385,10.921
144386,14.698
144387,7.768
144388,8.038
144389,5.061
144390,11.298
144391,8.781
144392,13.593
144393,8.054
144394,4.672
144395,3.809
144396,14.815
144397,11.79
144398,15.275
144399,5.654
144400,0.098
144401,6.168
144402,16.113
144403,11.645
144404,16.569
144405,7.129
144406,4.809
144407,8.816
144408,16.346
144409,14.554
144410,17.994
144411,12.787
144412,12.077
144413,14.555
144414,18.919
144415,14.555
144416,17.389
144417,13.359
144418,12.208
144419,16.946
144420,17.604
144421,13.754
144422,16.088
144423,11.275
144424,10.917
144425,18.334
144426,16.172
144427,16.436
144428,19.09
144429,12.291
144430,12.548
144431,24.001
144432,19.588
144433,43.875
144434,47.809
144435,33.706
144436,32.888
144437,43.487
144438,47.28
144439,79.673
144440,77.441
144441,49.586
144442,50.955
144443,63.285
144444,79.314
144445,43.24
144446,42.6
144447,19.491
144448,23.152
144449,34.086
144450,45.169
144451,32.166
144452,34.107
144453,14.809
144454,13.52
144455,16.949
144456,38.539
144457,29.491
144458,22.017
144459,16.192
144460,-0.404
144461,13.873
144462,25.118
144463,29.827
144464,17.763
144465,17.643
144466,2.255
144467,2.148
144468,13.669
144469,25.704
144470,7.166
144471,13.859
144472,1.984
144473,-2.8
144474,5.581
144475,28.237
144476,3.419
144477,10.751
144478,3.388
144479,-2.117
144480,2.383
144481,31.951
144482,5.048
144483,6.704
144484,6.796
144485,-0.003
144486,1.455
144487,32.415
144488,1.039
144489,5.249
144490,5.022
144491,-1.266
144492,1.114
144493,34.779
144494,1.052
144495,4.613
144496,6.046
144497,0.923
144498,0.491
144499,36.198
144500,2.164
144501,4.5
144502,8.34
144503,0.78
144504,0.68
144505,40.924
144506,4.495
144507,6.19
144508,9.443
144509,2.739
144510,1.74
144511,38.409
144512,7.615
144513,8.016
144514,9.626
144515,4.28
144516,3.272
144517,34.56
144518,7.525
144519,11.425
144520,12.992
144521,7.154
144522,6.33
144523,25.787
144524,7.089
144525,11.578
144526,12.919
144527,7.815
144528,7.458
144529,6.457
144530,1.434
144531,5.731
144532,9.629
144533,4.784
144534,1.499
144535,5.447
144536,-1.833
144537,5.529
144538,6.569
144539,5.071
144540,-1.976
144541,6.751
144542,-2.859
144543,3.686
144544,4.261
144545,4.458
144546,-2.358
144547,6.151
144548,1.99
144549,6.727
144550,6.587
144551,8.285
144552,1.499
144553,6.759
144554,2.105
144555,8.205
144556,9.674
144557,12.408
144558,1.711
144559,8.992
144560,3.5
144561,12.167
144562,13.015
144563,17.286
144564,3.67
144565,11.374
144566,3.622
144567,12.811
144568,13.189
144569,20.884
144570,4.597
144571,16.895
144572,11.037
144573,17.132
144574,16.51
144575,27.772
144576,9.639
144577,43.976
144578,43.985
144579,42.064
144580,40.016
144581,50.423
144582,39.198
144583,74.101
144584,83.261
144585,68.915
144586,64.917
144587,76.115
144588,74.981
144589,51.552
144590,44.088
144591,32.522
144592,32.263
144593,41.299
144594,55.883
144595,41.935
144596,34.502
144597,22.521
144598,23.671
144599,24.062
144600,37.266
144601,36.623
144602,25.041
144603,20.797
144604,7.048
144605,17.334
144606,28.582
144607,37.461
144608,25.333
144609,21.715
144610,10.639
144611,6.979
144612,26.784
144613,35.462
144614,19.016
144615,17.713
144616,13.514
144617,7.002
144618,25.271
144619,41.672
144620,22.356
144621,15.952
144622,15.73
144623,8.642
144624,28.29
144625,49.241
144626,16.905
144627,19.05
144628,17.987
144629,13.631
144630,18.169
144631,52.225
144632,16.667
144633,17.628
144634,17.067
144635,12.982
144636,18.846
144637,56.132
144638,17.893
144639,15.465
144640,18.756
144641,14.434
144642,19.2
144643,62.624
144644,19.347
144645,16.564
144646,18.146
144647,15.03
144648,19.092
144649,70.641
144650,20.968
144651,19.613
144652,19.534
144653,17.264
144654,20.267
144655,75.705
144656,22.474
144657,20.97
144658,21.007
144659,17.772
144660,23.61
144661,75.214
144662,26.161
144663,24.648
144664,25.294
144665,21.54
144666,26.4
144667,45.703
144668,22.778
144669,22.091
144670,22.535
144671,19.056
144672,24.126
144673,16.456
144674,14.623
144675,10.749
144676,15.067
144677,11.584
144678,14.675
144679,9.66
144680,14.206
144681,8.958
144682,13.9
144683,12.366
144684,13.922
144685,11.457
144686,15.182
144687,12.808
144688,15.965
144689,15.623
144690,15.36
144691,10.629
144692,16.898
144693,16.27
144694,18.881
144695,19.953
144696,17.193
144697,11.676
144698,17.015
144699,18.893
144700,21.591
144701,23.69
144702,17.424
144703,15.713
144704,18.075
144705,21.245
144706,23.374
144707,28.513
144708,19.096
144709,19.437
144710,21.326
144711,23.348
144712,25.031
144713,32.181
144714,21.508
144715,27.549
144716,25.741
144717,27.806
144718,27.108
144719,38.94
144720,26.792
144721,87.839
144722,75.763
144723,71.446
144724,71.26
144725,80.056
144726,76.394
144727,150.33
144728,116.324
144729,107.278
144730,101.351
144731,109.36
144732,116.747
144733,110.604
144734,55.87
144735,38.971
144736,37.399
144737,45.151
144738,57.048
144739,112.624
144740,47.5
144741,32.797
144742,17.957
144743,28.611
144744,50.691
144745,101.93
144746,38.421
144747,29.489
144748,14.279
144749,15.072
144750,39.547
144751,100.812
144752,33.907
144753,31.818
144754,16.984
144755,13.736
144756,34.975
144757,92.471
144758,22.271
144759,24.788
144760,14.897
144761,10.898
144762,28.126
144763,88.377
144764,16.551
144765,17.527
144766,11.657
144767,7.057
144768,18.909
144769,68.251
144770,18.614
144771,16.401
144772,8.885
144773,9.181
144774,19.15
144775,75.888
144776,17.949
144777,13.985
144778,10.798
144779,8.335
144780,18.791
144781,77.487
144782,17.493
144783,13.826
144784,9.968
144785,8.858
144786,18.125
144787,61.81
144788,17.06
144789,13.162
144790,9.84
144791,7.471
144792,17.595
144793,65.803
144794,16.932
144795,14.562
144796,10.753
144797,8.331
144798,17.336
144799,75.852
144800,17.832
144801,16.102
144802,12.61
144803,11.608
144804,18.369
144805,52.388
144806,22.616
144807,20.315
144808,17.905
144809,16.26
144810,21.47
144811,37.384
144812,19.136
144813,19.556
144814,17.794
144815,16.221
144816,17.207
144817,11.0
144818,13.165
144819,12.988
144820,13.537
144821,12.549
144822,9.913
144823,4.86
144824,5.561
144825,8.503
144826,9.947
144827,12.522
144828,12.482
144829,1.154
144830,10.333
144831,8.387
144832,8.8
144833,14.099
144834,12.093
144835,-3.079
144836,11.354
144837,9.52
144838,6.97
144839,15.566
144840,12.191
144841,-1.081
144842,10.852
144843,9.944
144844,8.223
144845,17.615
144846,12.507
144847,3.038
144848,12.378
144849,10.278
144850,8.818
144851,19.469
144852,12.524
144853,6.575
144854,9.494
144855,10.447
144856,5.939
144857,18.265
144858,9.072
144859,13.113
144860,6.252
144861,8.082
144862,5.351
144863,20.294
144864,6.326
144865,44.892
144866,22.986
144867,21.883
144868,17.965
144869,31.481
144870,25.204
144871,85.44
144872,53.843
144873,35.362
144874,32.723
144875,46.767
144876,58.137
144877,81.111
144878,40.892
144879,23.536
144880,11.753
144881,36.088
144882,45.903
144883,80.442
144884,38.799
144885,19.783
144886,5.921
144887,13.131
144888,38.377
144889,76.805
144890,32.334
144891,21.899
144892,5.842
144893,7.774
144894,28.343
144895,77.552
144896,27.15
144897,25.824
144898,6.05
144899,5.636
144900,19.195
144901,74.003
144902,23.214
144903,20.036
144904,6.722
144905,4.006
144906,16.38
144907,72.119
144908,12.451
144909,19.059
144910,7.109
144911,4.078
144912,15.06
144913,77.412
144914,8.266
144915,16.514
144916,8.591
144917,5.859
144918,13.099
144919,78.057
144920,12.113
144921,16.621
144922,9.462
144923,7.509
144924,11.64
144925,77.439
144926,9.976
144927,17.967
144928,9.886
144929,7.682
144930,10.529
144931,87.094
144932,13.889
144933,22.413
144934,15.085
144935,10.477
144936,13.618
144937,91.003
144938,15.518
144939,22.385
144940,15.512
144941,11.16
144942,13.696
144943,93.827
144944,19.985
144945,26.281
144946,19.848
144947,17.461
144948,19.332
144949,96.72
144950,27.793
144951,33.554
144952,28.418
144953,26.874
144954,28.909
144955,79.406
144956,23.953
144957,32.0
144958,25.501
144959,25.457
144960,26.86
144961,35.451
144962,14.399
144963,21.403
144964,17.4
144965,18.834
144966,16.004
144967,24.075
144968,13.036
144969,15.815
144970,11.75
144971,15.004
144972,15.49
144973,23.25
144974,17.847
144975,14.248
144976,11.804
144977,17.877
144978,23.03
144979,24.593
144980,24.441
144981,17.521
144982,17.205
144983,22.713
144984,25.983
144985,27.371
144986,27.767
144987,23.091
144988,21.078
144989,26.818
144990,27.856
144991,27.729
144992,29.151
144993,25.304
144994,22.572
144995,29.724
144996,28.61
144997,33.701
144998,37.441
144999,29.102
145000,26.006
145001,34.844
145002,36.804
145003,45.073
145004,49.557
145005,35.964
145006,31.395
145007,43.357
145008,50.352
145009,107.694
145010,112.524
145011,72.762
145012,70.73
145013,83.044
145014,112.157
145015,155.798
145016,134.116
145017,88.85
145018,91.272
145019,104.463
145020,131.26
145021,106.214
145022,66.562
145023,38.698
145024,25.478
145025,50.543
145026,58.915
145027,98.234
145028,52.296
145029,32.969
145030,18.184
145031,26.867
145032,48.668
145033,61.831
145034,42.815
145035,33.235
145036,15.615
145037,16.093
145038,43.624
145039,61.907
145040,38.122
145041,33.098
145042,16.845
145043,14.129
145044,37.213
145045,52.76
145046,25.143
145047,26.022
145048,14.674
145049,10.334
145050,27.471
145051,48.949
145052,20.294
145053,22.861
145054,13.091
145055,8.293
145056,20.498
145057,49.94
145058,17.369
145059,24.598
145060,15.316
145061,14.978
145062,17.18
145063,51.589
145064,16.189
145065,21.173
145066,16.36
145067,14.098
145068,16.229
145069,57.025
145070,19.166
145071,21.475
145072,15.353
145073,13.672
145074,14.566
145075,58.797
145076,20.896
145077,22.722
145078,16.265
145079,14.44
145080,16.9
145081,64.315
145082,24.155
145083,21.872
145084,18.589
145085,17.439
145086,25.202
145087,66.639
145088,27.512
145089,24.252
145090,19.824
145091,19.232
145092,30.049
145093,64.752
145094,33.994
145095,30.667
145096,24.497
145097,23.11
145098,34.688
145099,56.351
145100,31.507
145101,28.277
145102,22.865
145103,21.995
145104,32.547
145105,33.058
145106,24.724
145107,22.535
145108,15.773
145109,14.855
145110,25.334
145111,24.863
145112,23.666
145113,19.27
145114,9.523
145115,11.866
145116,23.279
145117,20.874
145118,20.899
145119,16.265
145120,3.265
145121,10.031
145122,20.832
145123,20.425
145124,20.151
145125,15.338
145126,2.962
145127,10.396
145128,20.17
145129,22.417
145130,21.734
145131,18.721
145132,5.994
145133,14.297
145134,20.862
145135,24.711
145136,23.467
145137,20.021
145138,7.55
145139,19.225
145140,23.477
145141,29.26
145142,27.834
145143,23.189
145144,9.565
145145,24.061
145146,28.287
145147,38.081
145148,36.09
145149,30.715
145150,14.688
145151,31.572
145152,36.642
145153,53.901
145154,50.753
145155,38.567
145156,23.685
145157,37.588
145158,50.877
145159,61.417
145160,53.352
145161,38.66
145162,26.839
145163,39.221
145164,51.311
145165,57.405
145166,28.536
145167,25.707
145168,13.92
145169,27.87
145170,38.4
145171,59.325
145172,29.496
145173,24.524
145174,9.752
145175,16.909
145176,39.124
145177,64.47
145178,37.407
145179,28.91
145180,12.05
145181,14.646
145182,37.952
145183,58.631
145184,35.938
145185,30.295
145186,14.758
145187,14.182
145188,34.738
145189,54.642
145190,29.786
145191,29.141
145192,11.789
145193,10.87
145194,30.114
145195,63.167
145196,27.393
145197,22.898
145198,9.907
145199,10.091
145200,25.443
145201,50.185
145202,24.85
145203,25.144
145204,11.558
145205,12.336
145206,23.011
145207,53.651
145208,22.819
145209,22.554
145210,10.726
145211,10.259
145212,23.371
145213,49.34
145214,23.222
145215,21.152
145216,10.488
145217,10.461
145218,17.536
145219,51.723
145220,22.415
145221,18.908
145222,10.389
145223,10.693
145224,21.62
145225,56.987
145226,19.474
145227,21.267
145228,13.422
145229,9.869
145230,17.726
145231,55.826
145232,15.326
145233,23.026
145234,16.55
145235,13.009
145236,21.832
145237,48.375
145238,23.341
145239,26.376
145240,19.344
145241,16.724
145242,25.949
145243,39.825
145244,17.825
145245,23.784
145246,16.452
145247,16.014
145248,20.622
145249,30.328
145250,11.781
145251,18.219
145252,14.204
145253,13.926
145254,12.007
145255,27.685
145256,11.304
145257,16.02
145258,9.183
145259,9.876
145260,14.59
145261,21.409
145262,9.2
145263,11.056
145264,1.882
145265,7.313
145266,10.742
145267,12.35
145268,6.531
145269,6.086
145270,0.084
145271,4.211
145272,5.919
145273,21.219
145274,7.027
145275,6.236
145276,0.099
145277,6.445
145278,10.185
145279,21.137
145280,12.609
145281,14.672
145282,3.805
145283,13.367
145284,11.369
145285,23.366
145286,11.597
145287,23.92
145288,7.174
145289,20.51
145290,8.765
145291,25.375
145292,13.194
145293,26.816
145294,12.343
145295,26.627
145296,14.171
145297,41.814
145298,23.437
145299,22.277
145300,19.806
145301,33.462
145302,22.939
145303,51.146
145304,28.907
145305,28.853
145306,26.235
145307,41.941
145308,29.475
145309,54.263
145310,34.775
145311,24.23
145312,15.191
145313,33.006
145314,36.199
145315,53.917
145316,33.62
145317,23.754
145318,12.073
145319,24.955
145320,30.267
145321,71.172
145322,32.99
145323,27.908
145324,15.158
145325,16.046
145326,34.003
145327,84.318
145328,32.071
145329,29.484
145330,18.396
145331,15.8
145332,28.222
145333,81.779
145334,26.611
145335,23.14
145336,18.012
145337,16.652
145338,24.261
145339,85.754
145340,20.63
145341,17.202
145342,15.09
145343,14.813
145344,22.952
145345,58.404
145346,19.188
145347,19.663
145348,20.129
145349,16.058
145350,18.625
145351,52.811
145352,13.809
145353,17.167
145354,15.443
145355,9.492
145356,14.516
145357,55.658
145358,11.408
145359,14.938
145360,10.859
145361,9.864
145362,12.071
145363,55.715
145364,12.174
145365,12.856
145366,7.543
145367,9.927
145368,11.602
145369,62.801
145370,11.997
145371,11.496
145372,11.084
145373,12.496
145374,11.468
145375,63.186
145376,16.521
145377,17.738
145378,16.3
145379,16.791
145380,14.922
145381,69.242
145382,22.668
145383,26.655
145384,24.997
145385,22.809
145386,22.608
145387,46.64
145388,19.366
145389,24.342
145390,24.187
145391,20.103
145392,20.062
145393,15.944
145394,11.421
145395,16.549
145396,17.675
145397,17.421
145398,13.047
145399,6.131
145400,8.596
145401,12.361
145402,12.217
145403,16.685
145404,11.984
145405,5.118
145406,11.117
145407,14.042
145408,15.716
145409,19.066
145410,14.122
145411,2.269
145412,14.777
145413,16.405
145414,18.887
145415,22.371
145416,14.816
145417,3.646
145418,15.853
145419,18.75
145420,21.691
145421,25.469
145422,15.608
145423,4.74
145424,15.937
145425,20.467
145426,22.287
145427,27.528
145428,15.94
145429,12.329
145430,18.283
145431,20.851
145432,23.323
145433,30.504
145434,18.128
145435,21.548
145436,24.337
145437,28.025
145438,28.28
145439,39.993
145440,25.066
145441,63.923
145442,53.645
145443,62.664
145444,61.536
145445,73.729
145446,57.289
145447,110.218
145448,62.54
145449,93.928
145450,84.032
145451,100.958
145452,80.382
145453,98.682
145454,37.728
145455,54.475
145456,50.673
145457,63.466
145458,37.213
145459,103.145
145460,34.487
145461,48.862
145462,42.835
145463,51.756
145464,34.725
145465,104.795
145466,29.058
145467,44.833
145468,25.415
145469,36.246
145470,29.197
145471,117.036
145472,24.527
145473,41.868
145474,25.887
145475,31.519
145476,25.264
145477,112.415
145478,22.627
145479,37.881
145480,27.081
145481,30.267
145482,21.815
145483,114.518
145484,20.599
145485,33.579
145486,26.169
145487,20.685
145488,19.865
145489,117.884
145490,22.084
145491,31.67
145492,23.592
145493,20.4
145494,21.944
145495,115.103
145496,21.292
145497,30.489
145498,22.963
145499,20.233
145500,21.298
145501,108.26
145502,20.465
145503,29.419
145504,23.096
145505,19.861
145506,20.702
145507,82.09
145508,20.267
145509,28.712
145510,21.826
145511,19.592
145512,19.567
145513,91.186
145514,20.968
145515,27.099
145516,22.293
145517,20.789
145518,20.624
145519,91.291
145520,22.334
145521,25.596
145522,23.4
145523,22.861
145524,21.441
145525,85.802
145526,24.646
145527,21.964
145528,26.243
145529,25.294
145530,24.891
145531,65.284
145532,24.014
145533,22.479
145534,25.534
145535,24.711
145536,25.207
145537,23.847
145538,15.687
145539,8.991
145540,17.753
145541,16.19
145542,16.313
145543,16.552
145544,13.395
145545,5.537
145546,15.905
145547,15.56
145548,13.948
145549,13.962
145550,13.951
145551,5.133
145552,17.198
145553,17.598
145554,14.024
145555,12.611
145556,14.786
145557,5.948
145558,18.851
145559,20.329
145560,14.921
145561,12.814
145562,13.94
145563,5.354
145564,20.006
145565,21.969
145566,13.093
145567,13.454
145568,13.662
145569,9.28
145570,20.407
145571,24.997
145572,13.622
145573,13.638
145574,13.676
145575,9.979
145576,19.848
145577,26.413
145578,14.499
145579,17.227
145580,18.703
145581,15.871
145582,23.564
145583,33.76
145584,19.428
145585,52.888
145586,58.001
145587,47.657
145588,58.61
145589,68.228
145590,56.895
145591,79.637
145592,69.768
145593,64.925
145594,68.639
145595,79.456
145596,69.1
145597,64.087
145598,42.34
145599,37.46
145600,29.31
145601,25.911
145602,44.479
145603,61.049
145604,39.586
145605,29.999
145606,10.195
145607,16.0
145608,39.91
145609,59.17
145610,33.325
145611,27.791
145612,10.188
145613,11.514
145614,33.521
145615,58.569
145616,32.214
145617,27.777
145618,14.821
145619,13.799
145620,32.249
145621,54.455
145622,28.403
145623,23.595
145624,21.411
145625,14.463
145626,28.701
145627,61.964
145628,26.656
145629,20.093
145630,16.51
145631,14.404
145632,26.638
145633,66.259
145634,27.869
145635,21.737
145636,24.826
145637,21.251
145638,28.018
145639,64.839
145640,25.817
145641,19.009
145642,21.447
145643,20.086
145644,26.26
145645,70.162
145646,24.837
145647,18.35
145648,20.705
145649,17.606
145650,25.472
145651,71.399
145652,24.664
145653,15.803
145654,19.417
145655,15.72
145656,25.052
145657,73.89
145658,24.702
145659,15.255
145660,19.286
145661,17.29
145662,24.984
145663,68.438
145664,25.69
145665,15.51
145666,19.437
145667,16.635
145668,25.911
145669,57.306
145670,27.616
145671,17.15
145672,21.747
145673,16.58
145674,27.563
145675,42.396
145676,24.818
145677,18.673
145678,19.975
145679,15.9
145680,25.028
145681,15.034
145682,17.592
145683,10.069
145684,14.476
145685,12.183
145686,16.013
145687,9.841
145688,14.023
145689,6.321
145690,11.16
145691,10.657
145692,13.014
145693,6.931
145694,11.581
145695,9.584
145696,9.677
145697,12.206
145698,11.639
145699,4.45
145700,10.242
145701,7.663
145702,11.345
145703,13.853
145704,10.11
145705,6.386
145706,9.345
145707,13.621
145708,12.425
145709,15.687
145710,9.267
145711,7.527
145712,11.405
145713,13.267
145714,11.367
145715,16.594
145716,11.229
145717,14.801
145718,13.01
145719,15.302
145720,12.624
145721,20.212
145722,12.209
145723,16.692
145724,12.747
145725,20.924
145726,16.77
145727,26.929
145728,15.189
145729,27.507
145730,27.744
145731,33.318
145732,30.643
145733,35.223
145734,27.755
145735,37.851
145736,43.074
145737,42.134
145738,35.442
145739,41.356
145740,43.534
145741,40.09
145742,37.411
145743,30.686
145744,23.771
145745,19.955
145746,38.291
145747,46.865
145748,41.047
145749,33.823
145750,15.178
145751,18.231
145752,41.447
145753,48.417
145754,37.737
145755,33.85
145756,11.62
145757,15.416
145758,39.132
145759,60.538
145760,37.019
145761,35.414
145762,14.265
145763,15.522
145764,38.332
145765,60.476
145766,32.195
145767,32.414
145768,13.823
145769,10.433
145770,32.81
145771,69.866
145772,28.679
145773,28.707
145774,11.179
145775,7.593
145776,29.632
145777,52.012
145778,23.731
145779,17.994
145780,6.267
145781,7.671
145782,24.228
145783,66.543
145784,22.991
145785,15.379
145786,4.901
145787,5.867
145788,24.684
145789,72.811
145790,24.041
145791,15.41
145792,3.502
145793,4.979
145794,23.853
145795,76.922
145796,24.31
145797,14.162
145798,2.551
145799,3.669
145800,24.12
145801,79.086
145802,25.064
145803,17.142
145804,3.29
145805,3.992
145806,24.578
145807,59.043
145808,29.025
145809,19.72
145810,6.966
145811,6.578
145812,28.197
145813,55.881
145814,32.87
145815,21.82
145816,14.548
145817,12.561
145818,33.331
145819,42.292
145820,29.038
145821,19.123
145822,14.055
145823,13.349
145824,28.297
145825,16.233
145826,20.698
145827,10.333
145828,6.32
145829,6.18
145830,22.572
145831,14.29
145832,16.9
145833,6.133
145834,0.259
145835,3.347
145836,16.606
145837,11.151
145838,14.425
145839,3.086
145840,-1.956
145841,4.894
145842,14.153
145843,8.316
145844,11.492
145845,2.761
145846,-0.773
145847,9.958
145848,11.174
145849,6.033
145850,7.922
145851,4.711
145852,6.855
145853,20.329
145854,7.66
145855,4.535
145856,7.744
145857,6.622
145858,14.708
145859,28.922
145860,6.647
145861,4.898
145862,7.055
145863,10.918
145864,22.65
145865,34.598
145866,12.952
145867,7.123
145868,6.432
145869,17.016
145870,25.255
145871,39.094
145872,13.967
145873,36.199
145874,23.683
145875,40.22
145876,48.183
145877,60.55
145878,29.627
145879,86.771
145880,48.808
145881,72.031
145882,74.456
145883,85.418
145884,47.489
145885,100.448
145886,42.09
145887,53.003
145888,46.342
145889,57.251
145890,39.812
145891,108.943
145892,32.148
145893,46.792
145894,36.194
145895,41.393
145896,36.974
145897,114.986
145898,31.335
145899,47.23
145900,32.456
145901,33.394
145902,33.773
145903,118.324
145904,36.082
145905,48.071
145906,30.568
145907,31.105
145908,34.029
145909,111.395
145910,34.58
145911,41.575
145912,29.234
145913,31.026
145914,35.511
145915,106.408
145916,28.709
145917,33.246
145918,27.036
145919,28.372
145920,31.727
145921,76.156
145922,22.519
145923,30.477
145924,25.503
145925,27.374
145926,24.154
145927,80.898
145928,23.592
145929,28.834
145930,24.751
145931,26.036
145932,25.803
145933,82.534
145934,23.426
145935,27.986
145936,23.715
145937,25.54
145938,26.195
145939,83.102
145940,23.5
145941,27.983
145942,23.417
145943,24.778
145944,25.315
145945,90.955
145946,25.961
145947,29.279
145948,24.241
145949,25.235
145950,27.238
145951,93.611
145952,31.266
145953,30.791
145954,27.723
145955,28.373
145956,31.89
145957,103.643
145958,36.86
145959,36.084
145960,33.04
145961,33.599
145962,37.254
145963,92.036
145964,32.28
145965,32.018
145966,29.161
145967,30.348
145968,32.964
145969,37.613
145970,20.513
145971,20.816
145972,21.502
145973,21.951
145974,20.79
145975,16.982
145976,13.634
145977,14.922
145978,16.174
145979,17.888
145980,14.012
145981,13.486
145982,12.817
145983,13.98
145984,15.934
145985,18.844
145986,12.83
145987,11.35
145988,11.704
145989,13.447
145990,17.227
145991,20.525
145992,12.278
145993,11.147
145994,7.335
145995,13.81
145996,18.603
145997,22.344
145998,6.384
145999,10.522
146000,-0.033
146001,14.245
146002,18.786
146003,25.618
146004,3.332
146005,10.106
146006,-2.282
146007,12.941
146008,17.25
146009,26.698
146010,-0.558
146011,12.581
146012,-1.761
146013,16.751
146014,17.551
146015,30.547
146016,-0.37
146017,40.855
146018,17.797
146019,46.388
146020,39.356
146021,51.538
146022,18.336
146023,72.93
146024,37.838
146025,68.666
146026,54.719
146027,66.08
146028,38.589
146029,60.628
146030,21.175
146031,32.237
146032,24.383
146033,33.358
146034,23.162
146035,37.731
146036,21.1
146037,21.487
146038,15.412
146039,23.006
146040,18.681
146041,32.665
146042,18.41
146043,15.853
146044,4.158
146045,5.032
146046,14.298
146047,34.594
146048,17.14
146049,17.433
146050,9.956
146051,3.253
146052,12.036
146053,33.07
146054,11.894
146055,11.936
146056,15.654
146057,5.883
146058,8.422
146059,35.386
146060,8.365
146061,8.801
146062,17.414
146063,2.568
146064,6.099
146065,41.889
146066,9.112
146067,10.782
146068,19.019
146069,13.861
146070,7.812
146071,45.876
146072,9.015
146073,6.595
146074,16.308
146075,12.668
146076,7.34
146077,45.073
146078,9.86
146079,6.617
146080,14.686
146081,15.567
146082,8.259
146083,46.949
146084,12.618
146085,5.104
146086,14.023
146087,13.447
146088,10.027
146089,55.083
146090,16.713
146091,6.88
146092,15.755
146093,11.104
146094,15.569
146095,62.679
146096,25.669
146097,10.594
146098,17.202
146099,14.764
146100,22.21
146101,67.85
146102,35.375
146103,18.045
146104,19.936
146105,18.352
146106,33.077
146107,59.366
146108,32.388
146109,15.583
146110,11.463
146111,10.924
146112,31.85
146113,19.927
146114,16.252
146115,3.173
146116,1.262
146117,2.603
146118,17.041
146119,10.015
146120,11.559
146121,-1.345
146122,-1.866
146123,-0.267
146124,12.26
146125,9.429
146126,10.949
146127,-3.687
146128,-3.469
146129,-1.577
146130,11.249
146131,8.915
146132,11.145
146133,-2.425
146134,-2.621
146135,1.197
146136,11.409
146137,9.341
146138,10.165
146139,1.104
146140,-1.371
146141,10.26
146142,10.351
146143,8.372
146144,9.192
146145,1.73
146146,7.725
146147,16.854
146148,9.66
146149,8.437
146150,9.228
146151,1.065
146152,4.304
146153,18.421
146154,9.627
146155,11.195
146156,13.791
146157,8.855
146158,8.799
146159,24.219
146160,13.963
146161,46.622
146162,50.627
146163,39.46
146164,41.997
146165,51.373
146166,50.057
146167,121.033
146168,93.905
146169,81.84
146170,78.514
146171,94.508
146172,91.198
146173,108.255
146174,52.393
146175,49.447
146176,36.524
146177,52.409
146178,59.069
146179,95.701
146180,46.434
146181,36.233
146182,28.071
146183,39.722
146184,50.626
146185,77.88
146186,40.976
146187,39.602
146188,25.167
146189,29.439
146190,43.05
146191,74.263
146192,31.123
146193,40.213
146194,26.787
146195,26.752
146196,32.428
146197,54.813
146198,19.792
146199,34.049
146200,25.252
146201,24.827
146202,22.09
146203,52.255
146204,16.146
146205,30.742
146206,22.786
146207,22.58
146208,15.737
146209,63.22
146210,19.973
146211,26.34
146212,24.213
146213,24.747
146214,18.403
146215,64.614
146216,19.213
146217,23.081
146218,22.125
146219,23.224
146220,18.517
146221,66.661
146222,22.318
146223,24.665
146224,19.244
146225,23.539
146226,20.483
146227,77.004
146228,30.451
146229,29.551
146230,22.412
146231,26.372
146232,28.587
146233,85.239
146234,31.645
146235,29.382
146236,24.066
146237,25.465
146238,31.075
146239,86.537
146240,36.834
146241,29.609
146242,25.191
146243,26.098
146244,35.778
146245,82.617
146246,40.45
146247,32.511
146248,29.578
146249,30.751
146250,38.867
146251,66.43
146252,36.261
146253,32.936
146254,27.565
146255,30.86
146256,35.798
146257,20.334
146258,18.762
146259,15.553
146260,18.358
146261,18.769
146262,19.02
146263,8.878
146264,13.336
146265,12.561
146266,14.881
146267,15.977
146268,13.327
146269,10.318
146270,11.647
146271,12.548
146272,14.513
146273,16.457
146274,11.64
146275,8.323
146276,9.108
146277,9.742
146278,13.869
146279,16.365
146280,9.716
146281,7.875
146282,8.85
146283,11.282
146284,15.474
146285,17.985
146286,8.549
146287,6.176
146288,6.447
146289,9.983
146290,11.956
146291,17.25
146292,6.659
146293,6.118
146294,5.939
146295,8.563
146296,9.671
146297,17.205
146298,5.979
146299,9.003
146300,8.21
146301,10.354
146302,10.336
146303,21.63
146304,8.41
146305,41.015
146306,40.577
146307,39.333
146308,37.331
146309,48.942
146310,41.58
146311,74.43
146312,58.731
146313,61.867
146314,52.611
146315,64.579
146316,61.069
146317,49.477
146318,30.804
146319,33.384
146320,24.413
146321,31.937
146322,32.828
146323,43.988
146324,29.022
146325,29.881
146326,20.539
146327,26.245
146328,30.572
146329,39.056
146330,21.557
146331,28.767
146332,16.634
146333,20.88
146334,22.266
146335,40.708
146336,20.461
146337,32.607
146338,19.28
146339,19.715
146340,19.155
146341,35.783
146342,16.487
146343,28.847
146344,18.916
146345,17.545
146346,13.738
146347,39.496
146348,13.413
146349,24.193
146350,18.277
146351,17.373
146352,13.085
146353,41.572
146354,10.815
146355,19.33
146356,14.198
146357,11.766
146358,8.587
146359,41.429
146360,11.471
146361,21.249
146362,11.621
146363,9.21
146364,8.426
146365,40.513
146366,10.269
146367,16.023
146368,12.122
146369,6.131
146370,6.697
146371,41.581
146372,10.054
146373,16.814
146374,9.622
146375,5.009
146376,7.419
146377,46.321
146378,9.928
146379,14.452
146380,8.652
146381,5.941
146382,7.628
146383,42.435
146384,10.391
146385,7.274
146386,9.625
146387,5.691
146388,8.345
146389,35.678
146390,11.785
146391,9.115
146392,10.081
146393,7.632
146394,12.273
146395,23.626
146396,9.156
146397,8.146
146398,7.713
146399,8.505
146400,10.879
146401,5.781
146402,8.038
146403,5.685
146404,6.255
146405,6.883
146406,9.121
146407,2.636
146408,5.649
146409,3.779
146410,4.231
146411,6.842
146412,4.54
146413,-0.542
146414,0.743
146415,4.643
146416,3.32
146417,1.371
146418,-0.957
146419,-4.329
146420,-4.39
146421,0.086
146422,4.924
146423,1.307
146424,-3.65
146425,-4.475
146426,-5.201
146427,1.69
146428,3.401
146429,0.9
146430,-4.06
146431,-3.869
146432,-3.121
146433,-3.855
146434,1.455
146435,2.158
146436,-5.63
146437,-2.42
146438,-4.594
146439,1.664
146440,0.418
146441,4.007
146442,-5.635
146443,-0.444
146444,-4.85
146445,-0.212
146446,-1.456
146447,8.219
146448,-5.461
146449,4.174
146450,-3.837
146451,-0.551
146452,-3.883
146453,10.43
146454,-3.196
146455,11.846
146456,-1.195
146457,8.766
146458,-3.698
146459,7.615
146460,-0.875
146461,20.334
146462,1.12
146463,6.019
146464,-4.57
146465,2.001
146466,1.302
146467,26.815
146468,3.492
146469,9.706
146470,-2.747
146471,-2.034
146472,4.379
146473,32.088
146474,4.82
146475,11.508
146476,1.098
146477,-4.902
146478,5.703
146479,35.454
146480,4.006
146481,11.344
146482,2.946
146483,-4.845
146484,4.187
146485,31.5
146486,0.209
146487,10.355
146488,1.276
146489,1.425
146490,0.815
146491,34.021
146492,-1.738
146493,9.471
146494,1.06
146495,-1.988
146496,-1.212
146497,36.992
146498,-1.762
146499,4.682
146500,-2.728
146501,-5.08
146502,-1.15
146503,38.272
146504,-1.596
146505,11.631
146506,-3.914
146507,-5.059
146508,-1.02
146509,40.001
146510,-2.066
146511,8.98
146512,-3.559
146513,-3.652
146514,-1.475
146515,42.356
146516,-1.242
146517,8.036
146518,-1.584
146519,-5.093
146520,-0.771
146521,48.001
146522,-0.126
146523,10.95
146524,-0.859
146525,-4.049
146526,0.317
146527,45.361
146528,1.381
146529,13.068
146530,-1.04
146531,-4.755
146532,1.72
146533,41.146
146534,5.271
146535,13.231
146536,2.527
146537,-4.023
146538,5.565
146539,35.128
146540,5.745
146541,14.555
146542,2.979
146543,1.613
146544,6.811
146545,19.277
146546,1.82
146547,12.289
146548,-0.495
146549,-0.993
146550,4.455
146551,9.833
146552,1.247
146553,11.892
146554,-4.41
146555,-0.839
146556,1.034
146557,6.725
146558,3.436
146559,7.42
146560,-4.275
146561,1.48
146562,0.396
146563,8.775
146564,8.311
146565,6.13
146566,-2.107
146567,5.125
146568,6.911
146569,12.02
146570,7.116
146571,5.28
146572,-0.998
146573,9.645
146574,9.232
146575,11.953
146576,0.698
146577,5.41
146578,1.506
146579,15.657
146580,5.348
146581,13.747
146582,-1.796
146583,6.374
146584,2.055
146585,17.402
146586,-0.802
146587,15.475
146588,-2.631
146589,12.948
146590,2.565
146591,23.73
146592,-2.319
146593,33.092
146594,1.958
146595,16.304
146596,8.097
146597,34.774
146598,2.393
146599,65.821
146600,5.928
146601,24.037
146602,16.799
146603,42.181
146604,6.221
146605,71.307
146606,5.235
146607,18.913
146608,8.886
146609,26.033
146610,5.691
146611,77.086
146612,7.586
146613,12.66
146614,2.879
146615,18.23
146616,8.3
146617,76.888
146618,8.438
146619,17.8
146620,4.005
146621,7.635
146622,9.313
146623,28.526
146624,8.337
146625,16.352
146626,9.837
146627,5.608
146628,8.641
146629,26.809
146630,5.785
146631,14.657
146632,12.894
146633,7.622
146634,6.54
146635,32.874
146636,5.411
146637,11.84
146638,13.178
146639,7.36
146640,5.749
146641,38.614
146642,6.964
146643,15.871
146644,12.214
146645,9.637
146646,8.747
146647,40.902
146648,9.136
146649,20.584
146650,12.783
146651,10.178
146652,8.099
146653,44.482
146654,8.812
146655,7.186
146656,16.632
146657,13.37
146658,8.645
146659,46.618
146660,11.431
146661,6.598
146662,17.867
146663,15.478
146664,10.703
146665,54.678
146666,14.684
146667,8.06
146668,18.91
146669,17.25
146670,12.235
146671,52.661
146672,17.613
146673,10.055
146674,20.028
146675,18.513
146676,15.13
146677,52.093
146678,25.393
146679,14.234
146680,25.244
146681,18.815
146682,23.984
146683,46.407
146684,26.037
146685,14.739
146686,24.933
146687,17.393
146688,23.569
146689,31.624
146690,20.389
146691,10.267
146692,4.311
146693,3.741
146694,15.49
146695,25.023
146696,15.474
146697,8.653
146698,1.874
146699,4.425
146700,14.775
146701,27.338
146702,18.439
146703,8.648
146704,1.757
146705,8.836
146706,18.386
146707,25.044
146708,17.831
146709,7.747
146710,9.0
146711,16.771
146712,19.427
146713,27.28
146714,20.09
146715,8.46
146716,13.269
146717,19.761
146718,20.47
146719,31.053
146720,23.142
146721,12.257
146722,8.854
146723,21.881
146724,23.511
146725,33.692
146726,25.869
146727,11.711
146728,13.012
146729,23.57
146730,26.08
146731,41.689
146732,31.571
146733,16.829
146734,19.14
146735,30.421
146736,31.435
146737,70.481
146738,48.281
146739,33.176
146740,28.698
146741,47.903
146742,49.156
146743,94.318
146744,57.345
146745,40.329
146746,33.094
146747,52.262
146748,57.215
146749,106.035
146750,56.264
146751,38.734
146752,31.927
146753,48.176
146754,56.288
146755,107.218
146756,57.286
146757,41.167
146758,32.359
146759,46.046
146760,57.682
146761,108.586
146762,57.733
146763,47.383
146764,38.376
146765,46.121
146766,58.348
146767,109.527
146768,54.244
146769,49.768
146770,38.951
146771,43.892
146772,54.776
146773,113.063
146774,49.649
146775,47.224
146776,36.629
146777,43.368
146778,49.839
